Song-Name,Singer/Artists,Genre,Album/Movie,User-Rating
Aankh Marey,"Kumar Sanu, Mika Singh, Neha Kakkar",BollywoodDance,Simmba,0.8800000000000001
Coca Cola,"Neha Kakkar, Tony Kakkar",BollywoodDanceRomantic,Luka Chuppi,0.9
Apna Time Aayega,Ranveer Singh,BollywoodDance,Gully Boy,0.97
Mungda,"Jyotica Tangri, Shaan, Subhro Ganguly",BollywoodDance,Total Dhamaal,0.9099999999999999
Tere Bin,"Asees Kaur, Rahat Fateh Ali Khan, Tanishk Bagchi",BollywoodRomantic,Simmba,0.9199999999999999
Gali Gali,Neha Kakkar,BollywoodDance,KGF,0.9099999999999999
Chamma Chamma,"Arun, Ikka, Neha Kakkar, Romy",BollywoodDance,Fraud Saiyaan,0.9199999999999999
Mere Gully Mein,Ranveer Singh,BollywoodDance,Gully Boy,0.95
Kamariya,Darshan Raval,BollywoodDance,Mitron,0.9199999999999999
Ek Ladki Ko Dekha Toh Aisa Laga,"Darshan Raval, Rochak Kohli",BollywoodRomantic,Ek Ladki Ko Dekha Toh Aisa Laga,0.96
Swag Se Swagat,"Neha Bhasin, Vishal Dadlani",BollywoodDance,Tiger Zinda Hai,0.8800000000000001
Poster Lagwa Do,"Mika Singh, Sunanda Sharma",BollywoodDance,Luka Chuppi,0.8400000000000001
Daaru Wargi,Guru Randhawa,BollywoodDance,Cheat India,0.9099999999999999
Dilbar,"Dhvani Bhanushali, Ikka, Neha Kakkar",BollywoodDance,Satyameva Jayate,0.9199999999999999
Proper Patola,"Aastha Gill, Badshah, Diljit Dosanjh",BollywoodDance,Namaste England,0.9
Doori,Ranveer Singh,BollywoodDance,Gully Boy,0.97
Dil Diyan Gallan,Atif Aslam,BollywoodRomantic,Tiger Zinda Hai,0.9099999999999999
Husn Parcham,"Bhoomi Trivedi, Raja Kumari",BollywoodDance,Zero,0.9
Bom Diggy Diggy,"Jasmin Walia, Zack Knight",BollywoodDance,Sonu Ke Titu Ki Sweety,0.9
Issaqbaazi,"Divya Kumar, Sukhwinder Singh",BollywoodDance,Zero,0.9099999999999999
Mere Naam Tu,Abhay Jodhpurkar,BollywoodRomantic,Zero,0.9199999999999999
High Rated Gabru – Nawabzaade,Guru Randhawa,BollywoodDance,Nawabzaade,0.9199999999999999
Dekhte Dekhte,Atif Aslam,BollywoodRomantic,Batti Gul Meter Chalu,0.95
Zingaat,"Ajay, Atul",BollywoodDance,Dhadak,0.86
Tareefan,Badshah,Bollywood,Veere Di Wedding,0.9099999999999999
Mile Ho Tum (Reprise),"Neha Kakkar, Tony Kakkar",BollywoodRomantic,Fever,0.9
Dil Chori,"Ishers, Simar Kaur, Yo Yo Honey Singh",BollywoodDance,Sonu Ke Titu Ki Sweety,0.9
Tere Naal Nachna,"Badshah, Sunanda Sharma",BollywoodDance,Nawabzaade,0.9199999999999999
Dil Meri Na Sune,Atif Aslam,BollywoodRomantic,Genius,0.95
Dhadak Title Track,"Ajay Gogavale, Shreya Ghoshal",BollywoodRomantic,Dhadak,0.9400000000000001
Heeriye,"Deep Money, Meet Bros, Neha Bhasin",BollywoodDanceRomantic,Race 3,0.8699999999999999
Chogada,"Asees Kaur, Darshan Raval",BollywoodDance,Loveratri,0.93
Gud Naal Ishq Mitha,"Harshdeep Kaur, Navraj Hans",BollywoodDance,Ek Ladki Ko Dekha Toh Aisa Laga,0.93
Paniyon Sa,"Atif Aslam, Tulsi Kumar",BollywoodRomantic,Satyameva Jayate,0.95
Milegi Milegi,Mika Singh,BollywoodDance,Stree,0.9099999999999999
Morni Banke,"Guru Randhawa, Neha Kakkar",BollywoodDance,Badhaai Ho,0.9
Bhare Bazaar,"B Praak, Badshah, Payal Dev, Vishal Dadlani",BollywoodDance,Namaste England,0.9
Khalibali,Shivam Pathak,BollywoodDance,Padmaavat,0.9099999999999999
Aao Kabhi Haveli Pe,"Badshah, Jigar, Nikhita Gandhi, Sachin Sanghvi",BollywoodDance,Stree,0.8400000000000001
Badri Ki Dulhania,"Dev Negi, Ikka, Monali Thakur, Neha Kakkar",BollywoodDance,Badrinath Ki Dulhania,0.8400000000000001
Cheez Badi,"Neha Kakkar, Udit Narayan",BollywoodDance,Machine,0.8800000000000001
Dholida,"Neha Kakkar, Palak Muchchal, Raja Hassan, Udit Narayan",BollywoodDance,Loveratri,0.9199999999999999
Sweetheart,Dev Negi,BollywoodDance,Kedarnath,0.9199999999999999
Namo Namo,Amit Trivedi,BollywoodDevotional,Kedarnath,0.96
Qaafirana,"Arijit Singh, Nikhita Gandhi",BollywoodRomantic,Kedarnath,0.96
Tu Hi Re,"Armaan Malik, Shashaa Tirupati",BollywoodDance,2,0.9
Chhote Chhote Peg,"Navraj Hans, Neha Kakkar, Yo Yo Honey Singh",BollywoodDance,Sonu Ke Titu Ki Sweety,0.9099999999999999
Galti Se Mistake,"Amit Mishra, Arijit Singh",BollywoodDance,Jagga Jasoos,0.85
Phir Mulaaqat,Jubin Nautiyal,BollywoodRomantic,Cheat India,0.95
Kala Chashma,"Amar Arshi, Badshah, Neha Kakkar",BollywoodDance,Baar Baar Dekho,0.85
Mantoiyat,Raftaar,Bollywood,Manto,0.97
Nashe Si Chadh Gayi,Arijit Singh,BollywoodDance,Befikre,0.89
Mera Pyar Tera Pyar,Arijit Singh,BollywoodRomanticSad,Jalebi,0.96
Ding Dang,"Amit Mishra, Antara Mitra",BollywoodDance,Munna Michael,0.85
Main Tera Boyfriend,"Arijit Singh, Meet Bros, Neha Kakkar",BollywoodDance,Raabta,0.9099999999999999
Laila Main Laila,Pawni Pandey,BollywoodDance,Raees,0.8699999999999999
Ghoomar,"Shreya Ghoshal, Swaroop Khan",BollywoodDance,Padmaavat,0.86
Rafta Rafta Medley,"Akash Ojha, Disha Sharma, Jordi Patel, Rekha, Sonakshi Sinha, Vishal Mishra",BollywoodDance,Yamla Pagla Deewana Phir Se,0.93
Pal,"Arijit Singh, Shreya Ghoshal",BollywoodRomantic,Jalebi,0.97
Patola,Guru Randhawa,BollywoodDance,Black Mail,0.89
Pallo Latke,"Fazilpuria, Jyotica Tangri, Yasser Desai",BollywoodDance,Shaadi Mein Zaroor Aana,0.9
Main Badhiya Tu Bhi Badhiya,"Sonu Nigam, Sunidhi Chauhan",Bollywood,Sanju,0.9
Billionaire,"Simar Kaur, Singhsta, Yo Yo Honey Singh",BollywoodDance,Baazaar,0.93
This Party Is Over Now,Yo Yo Honey Singh,BollywoodDance,Mitron,0.93
Heer Badnaam,Romy,BollywoodDanceSad,Zero,0.9099999999999999
Tera Hua,Atif Aslam,BollywoodRomantic,Loveratri,0.9
Jaan Nisaar,Arijit Singh,BollywoodRomantic,Kedarnath,0.97
Akh Lad Jaaye,"Asees Kaur, Badshah, Jubin Nautiyal",BollywoodDanceRomantic,Loveratri,0.9199999999999999
Rangtaari,"Dev Negi, Yo Yo Honey Singh",BollywoodDance,Loveratri,0.9099999999999999
The Humma Song,"Badshah, Jubin Nautiyal, Shashaa Tirupati",BollywoodDance,Ok Jaanu,0.9
Pehli Baar,Ajay Gogavale,BollywoodRomantic,Dhadak,0.89
Tera Yaar Hoon Main,Arijit Singh,BollywoodRomanticSad,Sonu Ke Titu Ki Sweety,0.95
Dilbaro,"Harshdeep Kaur, Shankar Mahadevan, Vibha Saraf",Bollywood,Raazi,0.95
Chhod Diya,Arijit Singh,BollywoodSad,Baazaar,0.97
Maine Tujhko Dekha,"Neeraj Shridhar, Sukriti Kakar",BollywoodDance,Golmaal Again,0.9
Allah Duhai Hai,"Amit Mishra, Jonita Gandhi, Sreerama Chandra",BollywoodDance,Race 3,0.8099999999999999
Cham Cham,Monali Thakur,BollywoodDance,Baaghi,0.8099999999999999
Kar Har Maidaan Fateh,"Shreya Ghoshal, Sukhwinder Singh",BollywoodMotivational,Sanju,0.95
Kamariya,"Aastha Gill, Divya Kumar, Jigar Saraiya, Sachin Sanghvi",BollywoodDance,Stree,0.9099999999999999
Tamma Tamma Again,"Anuradha Paudwal, Badshah, Bappi Lahiri",BollywoodDance,Badrinath Ki Dulhania,0.86
Tera Fitoor,Arijit Singh,BollywoodRomantic,Genius,0.9400000000000001
Mere Rashke Qamar,"Nusrat Fateh Ali Khan, Rahat Fateh Ali Khan",BollywoodRomantic,Baadshaho,0.9
The Breakup Song,"Arijit Singh, Badshah, Jonita Gandhi, Nakash Aziz",BollywoodDance,Ae Dil Hai Mushkil,0.9
Naino Ne Bandhi,Yasser Desai,BollywoodRomantic,Gold,0.96
Sanu Ek Pal Chain,Rahat Fateh Ali Khan,BollywoodRomantic,Raid,0.93
Ban Ja Rani,Guru Randhawa,BollywoodDanceRomantic,Tumhari Sulu,0.9
Zaalima,"Arijit Singh, Harshdeep Kaur",BollywoodDanceRomantic,Raees,0.9199999999999999
Baarish,"Ash King, Shashaa Tirupati",BollywoodRomantic,Half Girlfriend,0.93
Aashiq Banaya Aapne,"Himesh Reshammiya, Neha Kakkar",BollywoodDance,Hate Story 4,0.9099999999999999
Ek Do Teen Song,Shreya Ghoshal,BollywoodDance,Baaghi 2,0.86
Tere Liye,"Akanksha Bhandari, Atif Aslam",BollywoodRomantic,Namaste England,0.95
Nazam Nazam,"Arko, Ayushman Khurana",BollywoodRomance,Bareilly Ki Barfi,0.95
Good Morning,"Shannon Donald, Vishal Dadlani",Bollywood,Ek Ladki Ko Dekha Toh Aisa Laga,0.9
O Saathi,"Atif Aslam, Payal Dev",BollywoodRomantic,Baaghi 2,0.9400000000000001
Tere Jaisa,"Arko, Tulsi Kumar",BollywoodRomantic,Satyameva Jayate,0.9199999999999999
Mera Intkam Dekhegi,Krishna Beuraa,BollywoodSad,Shaadi Mein Zaroor Aana,0.96
Gerua,"Antara Mitra, Arijit Singh",BollywoodRomantic,Dilwale,0.93
Suraiyya,"Shreya Ghoshal, Vishal Dadlani",BollywoodDance,Thugs of Hindostan,0.77
Gold Tamba,Nakash Aziz,BollywoodDance,Batti Gul Meter Chalu,0.9199999999999999
Ae Dil Hai Mushkil,Arijit Singh,BollywoodSad,Ae Dil Hai Mushkil,0.93
Prem Ratan Dhan Payo,Palak Muchhal,BollywoodDanceRomantic,Prem Ratan Dhan Payo,0.77
Mohabbat,Sunidhi Chauhan,BollywoodDance,Fanney Khan,0.9
Nainowale Ne,Neeti Mohan,BollywoodRomantic,Padmaavat,0.95
Mummy Kasam,"Gurinder Seagal, Payal Dev",BollywoodDance,Nawabzaade,0.9400000000000001
Nasha,Amit Gupta,BollywoodSensual,Game Paisa Ladki,0.9
Bulleya,"Amit Mishra, Shilpa Rao",BollywoodDanceSad,Ae Dil Hai Mushkil,0.9199999999999999
Kar Gayi Chull,"Badshah, Fazilpuria, Neha Kakkar, Sukriti Kakar",BollywoodDance,Kapoor & Sons,0.9
Musafir,"Atif Aslam, Palak Muchhal",BollywoodSad,Sweetiee Weds NRI,0.9400000000000001
Binte Dil,Arijit Singh,BollywoodDance,Padmaavat,0.9400000000000001
Halka Halka,"Divya Kumar, Sunidhi Chauhan",BollywoodRomantic,Fanney Khan,0.9099999999999999
Humsafar,"Akhil Sachdeva, Mansheel Gujral",BollywoodRomanticSad,Badrinath Ki Dulhania,0.93
Chad Gayi Hai,"Jigar, Sachin Sanghvi, Vishal Dadlani",BollywoodDance,Gold,0.9199999999999999
Tum Mere Ho,"Amrita Singh, Jubin Nautiyal",BollywoodSensual,Hate Story 4,0.9099999999999999
Bole Chudiyan,"Alka Yagnik, Amit Kumar, Kavita Krishnamurthy, Sonu Nigam, Udit Narayan",BollywoodDanceRomantic,Kabhi Khushi Kabhie Gham,0.9
Sawarne Lage,Jubin Nautiyal,BollywoodRomantic,Mitron,0.9800000000000001
Chalti Hai Kya 9 Se 12,"Dev Negi, Neha Kakkar",BollywoodDance,Judwaa 2,0.89
Selfish,"Atif Aslam, Iulia Vantur",BollywoodRomantic,Race 3,0.6799999999999999
Oonchi Hai Building,"Anu Malik, Neha Kakkar",BollywoodDance,Judwaa 2,0.89
Shikwa Nahin Kisi Se,Kumar Sanu,BollywoodSad,Naseeb,0.82
Sanam Re,Arijit Singh,BollywoodRomantic,Sanam Re,0.8699999999999999
Dekha Hai Pehli Baar,"Alka Yagnik, S.P. Balasubrahmanyam",BollywoodDance,Saajan,0.82
Phir Bhi Tumko Chaahunga,"Arijit Singh, Shashaa Tirupati",BollywoodSad,Half Girlfriend,0.9400000000000001
Suit Suit,"Arjun, Guru Randhawa",BollywoodDance,Hindi Medium,0.9
Nachange Saari Raat,"Meet Bros, Neeraj Shridhar, Tulsi Kumar",BollywoodDance,Junooniyat,0.89
Ishq Di Baajiyan,Diljit Dosanjh,BollywoodRomantic,Soorma,0.99
Hard Hard,"Mika Singh, Prakriti Kakar, Sachet Tandon",BollywoodDance,Batti Gul Meter Chalu,0.8699999999999999
Udi Udi Jaye,"Bhoomi Trivedi, Karsan Sagathia, Sukhwinder Singh",BollywoodDance,Raees,0.89
Nazar Na Lag Jaaye,"Ash King, Jigar, Sachin Sanghvi",BollywoodRomantic,Stree,0.96
Nachle Na,"Guru Randhawa, Neeti Mohan",BollywoodDance,Dil Juunglee,0.95
Hatt Ja Tau,Sunidhi Chauhan,BollywoodDance,Veerey Ki Wedding,0.8699999999999999
Chittiyaan Kalaiyaan,"Anjjan, Kanika Kapoor, Meet Bros",BollywoodDance,Roy,0.8400000000000001
La La La (Baazaar),"Bilal Saeed, Neha Kakkar",BollywoodDanceRomantic,Baazaar,0.95
Tujhse Kahan Judaa Hoon Main,"Himesh Reshammiya, Neeti Mohan, Vineet Singh",BollywoodSad,Genius,0.93
Hua Hain Aaj Pehli Baar,"Armaan Malik, Palak Muchhal",BollywoodRomantic,Sanam Re,0.8300000000000001
Jay-Jaykara,Kailash Kher,BollywoodSad,Baahubali 2 - The Conclusion,0.9199999999999999
Tu Hi Hai,Rahul Mishra,Bollywood,Half Girlfriend,0.93
Hawa Hawa,"Mika Singh, Prakriti Kakkar",BollywoodDance,Mubarakan,0.89
Bhangra Ta Sajda,"Neha Kakkar, Romy, Shashwat Sachdev, Surya Ragunaathan",BollywoodDance,Veere Di Wedding,0.8699999999999999
Deewani Mastani,"Ganesh Chandanshive, Shreya Ghoshal",BollywoodDance,Bajirao Mastani,0.9099999999999999
O Meri Laila,"Atif Aslam, Jyotica Tangri",BollywoodRomantic,Laila Majnu,0.96
Lo Safar,Jubin Nautiyal,BollywoodRomantic,Baaghi 2,0.9400000000000001
Chalte Chalte,Atif Aslam,BollywoodRomantic,Mitron,0.96
Party Chale On,"Iulia Vantur, Mika Singh",BollywoodDance,Race 3,0.86
Sweety Tera Drama,"Dev Negi, Pawni Pandey, Shraddha Pandit",BollywoodDance,Bareilly Ki Barfi,0.9099999999999999
Ek Dil Ek Jaan,Shivam Pathak,BollywoodRomantic,Padmaavat,0.9199999999999999
Ae Watan,Arijit Singh,BollywoodPatriotic,Raazi,0.96
Sunn Le Zara,Arnab Dutta,BollywoodSad,1921,0.96
Naam Hai Mera,Neeti Mohan,BollywoodRomanticSad,Hate Story 4,0.8800000000000001
Jiyo Re Baahubali,"Daler Mehndi, Ramya Behara, Sanjeev Chimmalgi",BollywoodDance,Baahubali 2,0.8699999999999999
Soniye Dil Nayi,"Ankit Tiwari, Shruti Pathak",BollywoodRomanticSad,Baaghi 2,0.9400000000000001
Mundiyan,"Navraj Hans, Palak Muchhal",BollywoodDance,Baaghi 2,0.9
Chitthi Aai Hai,Pankaj Udhas,BollywoodSad,Naam,0.8099999999999999
Hawayein,Arijit Singh,BollywoodRomantic,Jab Harry Met Sejal,0.96
Channa Mereya,Arijit Singh,BollywoodSad,Ae Dil Hai Mushkil,0.93
Lag Ja Gale,Jonita Gandhi,BollywoodRomantic,Saheb Biwi Aur Gangster 3,0.9400000000000001
Sleepy Sleepy Akiyaan,"Asees Kaur, Yasser Desai",BollywoodDance,Bhaiaji Superhit,0.9199999999999999
Subah Subah,"Amaal Mallik, Arijit Singh, Prakriti Kakkar",BollywoodDance,Sonu Ke Titu Ki Sweety,0.95
Naina Da Kya Kasoor,Amit Trivedi,BollywoodRomantic,Andha Dhun,0.96
Soorma Anthem,Shankar Mahadevan,BollywoodMotivational,Soorma,0.99
Agar Tum Saath Ho,"Alka Yagnik, Arijit Singh",BollywoodSad,Tamasha,0.9400000000000001
Tum Se,Jubin Nautiyal,BollywoodRomanticSad,Jalebi,0.97
Kem Cho,"Ikka, Jyotica Tangri",BollywoodDance,Baazaar,0.9400000000000001
Aaj Se Teri,Arijit Singh,BollywoodRomantic,Padman,0.9400000000000001
Maana Ke Hum Yaar Nahin,Parineeti Chopra,BollywoodRomantic,Meri Pyaari Bindu,0.95
Nain Na Jodeen,"Ayushmann Khurrana, Neha Kakkar, Rochak Kohli",BollywoodRomanticSad,Badhaai Ho,0.93
Wajah Tum Ho,"Altamash Faridi, Mithoon, Tulsi Kumar",BollywoodRomanticSadSensual,Wajah Tum Ho,0.8099999999999999
Pyaar De,Ankit Tiwari,BollywoodRomantic,Beiimaan Love,0.85
Ik Vaari Aa,Arijit Singh,BollywoodRomantic,Raabta,0.9400000000000001
Radha,"Shekhar Ravjiani, Shreya Ghoshal, Udit Narayan, Vishal Dadlani",BollywoodDance,Student of the Year,0.86
Mehbooba,"Mohammed Rafi, Neha Kakkar, Yasser Desai",BollywoodDance,Fukrey Returns,0.9400000000000001
Hamari Adhuri Kahani,Arijit Singh,BollywoodSad,Hamari Adhuri Kahani,0.93
Tere Sang Yaara,Atif Aslam,BollywoodRomantic,Rustom,0.9099999999999999
Radha,"Shahid Mallya, Sunidhi Chauhan",BollywoodRomantic,Jab Harry Met Sejal,0.9199999999999999
Kamli,Sunidhi Chauhan,BollywoodDance,Dhoom 3,0.9
Maiya Yashoda,"Alka Yagnik, Anuradha Paudwal, Kavita Krishnamurthy",BollywoodDance,Hum Saath-Saath Hain,0.72
Lae Dooba,Sunidhi Chauhan,BollywoodSad,Aiyaary,0.97
Abhi Toh Party Shuru Hui Hai,"Aastha Gill, Badshah",BollywoodDance,Khoobsurat,0.85
Hello Hello,Rekha Bhardwaj,BollywoodDance,Pataakha,0.77
Bola Har Har Har,"Aaman Trikha, Badshah, Sukhwinder Singh",BollywoodDevotional,Shivaay,0.93
Bolo Har Har Har,"Anugrah, Badshah, Megha Sriram Dalton, Mithoon, Mohit Chauhan, Sukhwinder Singh",BollywoodDance,Shivaay,0.93
Tera Mera Rishta,"KK, Shreya Ghoshal",BollywoodRomantic,Jalebi,0.97
Gal Ban Gayi,"Meet Bros, Neha Kakkar, Sukhbir Singh, Yo Yo Honey Singh",BollywoodDance,Single,0.9
Bol Do Na Zara,Armaan Malik,BollywoodRomantic,Azhar,0.9199999999999999
Lakk Mera Hit,"Mannat Noor, Rochak Kohli, Sukriti Kakar",BollywoodDance,Sonu Ke Titu Ki Sweety,0.9199999999999999
Sexy Baliye,Mika Singh,BollywoodDance,Dil Chahta Hai,0.8800000000000001
Main Jahaan Rahoon,Rahat Fateh Ali Khan,BollywoodSad,Namastey London,0.9099999999999999
Hasi Ban Gaye,Shreya Ghoshal,BollywoodRomantic,Hamari Adhuri Kahani,0.93
Nachde Ne Saare,"Harshdeep Kaur, Jasleen Royal, Siddharth Mahadevan",BollywoodDance,Baar Baar Dekho,0.9199999999999999
Manma Emotion Jaage,"Amit Mishra, Antara Mitra, Anushka Manchanda",BollywoodDanceRomantic,Dilwale,0.9
Happy Happy,"Aastha Gill, Badshah",Bollywood,Blackmail,0.9199999999999999
Tujhko Na Dekhun,"Sunidhi Chauhan, Udit Narayan",Bollywood,Jaanwar,0.85
Theher Ja,Armaan Malik,BollywoodRomantic,October,0.96
Boond Boond,"Jubin Nautiyal, Neeti Mohan",BollywoodRomantic,Hate Story 4,0.93
Adhura Lafz,"Pratibha Singh Baghel, Rahat Fateh Ali Khan",BollywoodRomantic,Baazaar,0.97
Trippy Trippy,"Badshah, Benny Dayal, Brijesh Shandilya, Neha Kakkar",BollywoodDance,Bhoomi,0.85
Tukur Tukur,"Arijit Singh, Kanika Kapoor, Nakash Aziz, Neha Kakkar, Siddharth Mahadevan",BollywoodDance,Dilwale,0.89
Teri Khair Mangdi,Bilal Saeed,BollywoodSad,Baar Baar Dekho,0.96
Pinga,"Shreya Ghoshal, Vasihali Made",BollywoodDance,Bajirao Mastani,0.8699999999999999
Haanikaarak,Sarwar Khan,Bollywood,Dangal,0.8400000000000001
Tere Thumke Sapna Chaudhary,"Gunwant Sen, Khushboo Jain, Saumya Upadhyay",BollywoodDance,Nanu Ki Jaanu,0.9199999999999999
Badnaamiyan,Armaan Malik,BollywoodRomantic,Hate Story 4,0.9199999999999999
Malhari,Vishal Dadlani,BollywoodDance,Bajirao Mastani,0.9099999999999999
Piya More,"Mika Singh, Neeti Mohan",Bollywood,Baadshaho,0.9099999999999999
High Heels Te Nachche,"Aditi Singh Sharma, Jaz Dhami, Meet Bros",BollywoodDance,Ki & Ka,0.8699999999999999
Shake Karaan,"Kanika Kapoor, Meet Bros",BollywoodDance,Munna Michael,0.89
Thodi Der,"Farhan Saeed, Shreya Ghoshal",BollywoodSad,Half Girlfriend,0.9400000000000001
Har Dil Jo Pyar Karega,"Alka Yagnik, Udit Narayan",BollywoodDance,Har Dil Jo Pyar Karega,0.8400000000000001
Raabta,Nikhita Gandhi,BollywoodRomantic,Raabta,0.9
Nach Meri Jaan,"Dev Negi, Kamaal khan, Nakash Aziz, Tushar Joshi",BollywoodDance,Tubelight,0.9099999999999999
Janam Janam,"Antara Mitra, Arijit Singh",BollywoodRomantic,Dilwale,0.9400000000000001
Andha Dhun,Raftaar,BollywoodDance,Andha Dhun,0.96
Holi Biraj Ma,Jubin Nautiyal,BollywoodDance,Genius,0.93
Kal Ho Naa Ho Title Track,Sonu Nigam,BollywoodSad,Kal Ho Naa Ho,0.95
Enna Sona,"A.R. Rahman, Arijit Singh",BollywoodRomantic,Ok Jaanu,0.95
Little Little,Harrdy Sandhu,BollywoodDance,Yamla Pagla Deewana Phir Se,0.9199999999999999
Maa Sherawaliye,Sonu Nigam,Bollywood,Khiladiyon Ka Khiladi,0.76
Disco Disco,"Benny Dayal, Shirley Setia",BollywoodDance,A Gentleman,0.89
Lambiyaan Si Judaiyaan,"Altamash Faridi, Arijit Singh, Shadaab Faridi",BollywoodSad,Raabta,0.96
Aahista,"Arijit Singh, Jonita Gandhi",BollywoodRomantic,Laila Majnu,0.9400000000000001
Naam Hai Bhaiaji,"Amit Mishra, Raftaar",Bollywood,Bhaiaji Superhit,0.9400000000000001
Kisi Se Tum Pyaar Karo,"Alka Yagnik, Kumar Sanu",BollywoodRomantic,Andaaz,0.86
Baba Bolta Hain Bas Ho Gaya,"Papon, Ranbir Kapoor, Supriya Pathak",Bollywood,Sanju,0.96
Sultan Title Song,"Shadaab Faridi, Sukhwinder Singh",BollywoodMotivational,Sultan,0.89
Radio,"Amit Mishra, Kamaal khan",BollywoodDance,Tubelight,0.86
Sab Badhiya Hai,Sukhwinder Singh,BollywoodDance,Sui Dhaaga,0.9199999999999999
Chin Chin Chu,"Jassi Gill, Sonakshi Sinha",BollywoodDance,Happy Phirr Bhaag Jayegi,0.8699999999999999
Beat Pe Booty,"Jigar Saraiya, Kanika Kapoor, Sachin Sanghvi, Vayu",BollywoodDance,A Flying Jatt,0.89
Jag Ghoomeya,Rahat Fateh Ali Khan,BollywoodRomantic,Sultan,0.8699999999999999
Jogi,"Aakanksha Sharma, Yasser Desai",BollywoodRomantic,Shaadi Mein Zaroor Aana,0.96
Lets Nacho,"Badshah, Benny Dayal",BollywoodDance,Kapoor & Sons,0.9199999999999999
Tu Tu Hai Wahi,"Asha Bhosle, Kishore Kumar",BollywoodRomantic,Yeh Vaada Raha,0.9199999999999999
Yeh Vaada Raha,"Asha Bhosle, Kishore Kumar",BollywoodDance,Yeh Vaada Raha,0.9199999999999999
Vande Mataram,"Badshah, Daler Mehndi, Divya Kumar, Tanishka Sanghvi",BollywoodDance,ABCD 2,0.9400000000000001
Jeene Laga Hoon,Atif Aslam,BollywoodRomantic,Ramaiya Vastavaiya,0.9
Nit Khair Manga,Rahat Fateh Ali Khan,BollywoodRomantic,Raid,0.9400000000000001
Jitni Dafa,"Jeet Gannguli, Yasser Desai",BollywoodRomantic,Parmanu The Story of Pokhran,0.97
Wajah Tum Ho,Armaan Malik,BollywoodRomanticSensual,Hate Story 3,0.8800000000000001
Rozana,Shreya Ghoshal,BollywoodRomantic,Naam Shabana,0.96
Tu Meri Main Tera,"Altamash Faridi, Rahat Fateh Ali Khan, Shadab Faridi",BollywoodRomanticSad,Namaste England,0.9400000000000001
Gallan Goodiyaan,"Farhan Akhtar, Manish Kumar Tipu, Shankar Mahadevan, Sukhwinder Singh, Yashita Sharma",BollywoodDance,Dil Dhadakne Do,0.89
Swag Se Swagat (Arabic),"Brigitte Yaghi, Neha Bhasin, Rabih Baroud, Vishal Dadlani",BollywoodDance,Tiger Zinda Hai,0.9400000000000001
Kudiya Shehar Diyan,"Daler Mehndi, Neha Kakkar",BollywoodDance,Poster Boys,0.9
Aap Se Milkar,"Aakanksha Sharma, Ayushmann Khurrana",BollywoodRomantic,Andha Dhun,0.95
Socha Hai,"Jubin Nautiyal, Neeti Mohan",BollywoodRomantic,Baadshaho,0.95
Sawan Aaya Hai (Unplugged Version),"Neha Kakkar, Tony Kakkar",BollywoodSad,Creature 3D,0.93
Pehle Ke Jaisa,K.K.,BollywoodSad,Jalebi,0.97
Main Woh Chaand,Darshan Raval,BollywoodRomanticSad,Teraa Surroor,0.9
Ankhiyon Se Goli Mare,"Jaspinder Narula, Sonu Nigam",BollywoodDance,Dulhe Raja,0.82
Jab Tak,"Amaal Mallik, Armaan Malik",BollywoodRomantic,M.S. Dhoni,0.9400000000000001
Luv Letter,"Kanika Kapoor, Meet Bros",BollywoodDance,The Legend of Michael Mishra,0.9099999999999999
Ullu ka Pattha,"Arijit Singh, Nikhita Gandhi",Bollywood,Jagga Jasoos,0.8800000000000001
Yaad Hai Na,Arijit Singh,BollywoodRomantic,Raaz Reboot,0.9099999999999999
Balma,"Rekha Bhardwaj, Sunidhi Chauhan",BollywoodDance,Pataakha,0.9199999999999999
Kisi Se Pyar Ho Jaye,Jubin Nautiyal,BollywoodDanceRomantic,Kaabil,0.9199999999999999
Sau Aasmaan,"Armaan Malik, Neeti Mohan",BollywoodDance,Baar Baar Dekho,0.9400000000000001
Beparwah,"Nandini Deb, Siddharth Basrur",BollywoodDance,Munna Michael,0.9
Yaad Hai,"Ankit Tiwari, Palak Muchhal",BollywoodSad,Aiyaary,0.97
Dhayaan Chand,"Amit Trivedi, Nikhita Gandhi, Suhas Sawant, Vijay Yamla",BollywoodDance,Manmarziyaan,0.9400000000000001
Aaj Zid,Arijit Singh,BollywoodSensual,Aksar 2,0.9099999999999999
Hum Pyaar Hai Tumhare,"Alka Yagnik, Kumar Sanu",BollywoodRomantic,Haan Maine Bhi Pyaar Kiya,0.8800000000000001
Main Hoon,Siddharth Mahadevan,BollywoodDance,Munna Michael,0.9099999999999999
Swag Saha Nahi Jaye,"Neha Bhasin, Shadab Faridi, Sohail Sen",BollywoodDance,Happy Phirr Bhaag Jayegi,0.9099999999999999
Chote Bade,"Ankit Tiwari, Mika Singh",BollywoodDance,Fry Day,0.8699999999999999
Main Hoon Saath Tere,Arijit Singh,BollywoodRomantic,Shaadi Mein Zaroor Aana,0.97
Kabira,"Rekha Bhardwaj, Tochi Raina",BollywoodSad,Yeh Jawaani Hai Deewani,0.9400000000000001
Main Kaun Hoon,Meghna Mishra,BollywoodSad,Secret Superstar,0.95
Aashiq Surrender Hua,"Amaal Mallik, Shreya Ghoshal",BollywoodDance,Badrinath Ki Dulhania,0.8800000000000001
Nachan Farrate,"Kanika Kapoor, Meet Bros",BollywoodDance,All is Well,0.89
Pyar De Pyar Le,"Dev Negi, Ikka, Iulia Vantur",BollywoodDance,Genius,0.93
Do Peg Maar,Neha Kakkar,BollywoodDance,One Night Stand,0.85
Tera Noor,Jyoti Nooran,Bollywood,Tiger Zinda Hai,0.93
Jaanu,"Juggy D, Raftaar, Shivi",BollywoodDance,Behen Hogi Teri,0.9199999999999999
Hamdard,Arijit Singh,BollywoodRomantic,Ek Villain,0.95
Hawa Hawai 2.0,"Kavita Krishnamurthy, Shashaa Tirupati",BollywoodDance,Tumhari Sulu,0.89
Dhoom Dhadakka,"Antara Mitra, Shahid Mallya",BollywoodDance,Namaste England,0.9099999999999999
Lovely,"Fateh, Kanika Kapoor, Miraya Varma, Ravindra Upadhyay",BollywoodDance,Happy New Year,0.93
Mohabbat Nasha Hai,"Neha Kakkar, Tony Kakkar",BollywoodSad,Hate Story 4,0.9400000000000001
Chal Wahan Jaate Hain,Arijit Singh,BollywoodRomantic,Heropanti,0.93
Ishq De Fanniyar,Jyotica Tangri,BollywoodRomantic,Fukrey Returns,0.96
Palat Tera Hero Idhar Hai,Arijit Singh,BollywoodDanceRomantic,Main Tera Hero,0.8800000000000001
Tab Bhi Tu,Rahat Fateh Ali Khan,BollywoodSad,October,0.96
Yeh Ladka Hai Allah,"Alka Yadnik, Udit Narayan",BollywoodDance,Kabhi Khushi Kabhie Gham,0.9099999999999999
Tujhe Yaad Na Meri Aayee,"Alka Yagnik, Manpreet Akhtar, Udit Narayan",BollywoodSad,Kuch Kuch Hota Hai,0.8800000000000001
Jalte Diye,"Anwesshaa, Harshdeep Kaur, Shabab Sabri, Vineet Singh",BollywoodRomantic,Prem Ratan Dhan Payo,0.8800000000000001
Zindagi Bana Loon,Palak Muchhal,BollywoodRomantic,Sweetiee Weds NRI,0.9400000000000001
Humnava,Papon,BollywoodSad,Hamari Adhuri Kahani,0.9400000000000001
Galliyan,Ankit Tiwari,BollywoodRomantic,Ek Villain,0.9400000000000001
Tere Chehre Mein Woh Jaadu Hai,Kishore Kumar,BollywoodRomantic,Dharmatma,0.8099999999999999
Golmaal Again Title Track,"Aditi Singh Sharma, Brijesh Shandilya",BollywoodDance,Golmaal Again,0.9
Suno Ganpati Bappa Morya,Amit Mishra,BollywoodDance,Judwaa 2,0.85
Dil Dene Ki Ruth,"Alka Yagnik, Vinod Rathod",BollywoodDance,Prem Granth,0.75
Soch Na Sake,"Amaal Mallik, Arijit Singh, Tulsi Kumar",BollywoodRomantic,Airlift,0.93
Tu Meri,Vishal Dadlani,BollywoodDanceRomantic,Bang bang,0.95
Baby Ko Bass Pasand Hai,"Badshah, Ishita, Shalmali Kholgade, Vishal Dadlani",BollywoodDance,Sultan,0.79
Daddy Mummy,"Devi Sri Prasad, M. M. Manasi",BollywoodDance,Bhaag Johnny,0.9
Dekha Hazaro Dafaa,"Arijit Singh, Palak Muchhal",BollywoodRomantic,Rustom,0.96
Khatar Patar,Papon,BollywoodDance,Sui Dhaaga,0.9400000000000001
Tu Mera Bhai Nahi Hai,"Gandhharv Sachdeav, Raftaar",Bollywood,Fukrey Returns,0.95
Party With The Bhoothnath,Yo Yo Honey Singh,BollywoodDance,Bhoothnath Returns,0.9
Hasi,Ami Mishra,BollywoodRomanticSad,Hamari Adhuri Kahani,0.95
Good Man Di Laaltein,"Sukhwinder Singh, Sunidhi Chauhan",BollywoodDance,Soorma,0.95
Kaabil Hoon,"Jubin Nautiyal, Palak Muchhal",BollywoodRomantic,Kaabil,0.8800000000000001
Manali Trance,"Neha Kakkar, Yo Yo Honey Singh",BollywoodDance,The Shaukeens,0.9400000000000001
Main Teri Dushman Dushman Tu,Lata Mangeshkar,BollywoodDance,Nagina,0.73
Hafiz Hafiz,Mohit Chauhan,BollywoodRomantic,Laila Majnu,0.9400000000000001
Tere Jaisa Yaar Kahan,Kishore Kumar,Bollywood,Yaarana,0.9099999999999999
Daryaa,"Ammy Virk, Shahid Mallya",BollywoodSad,Manmarziyaan,0.96
Chota Sa Fasana,Arijit Singh,Bollywood,Karwaan,0.97
Main Adhoora,"Aakanksha Sharma, Yasser Desai",BollywoodSad,Beiimaan Love,0.8800000000000001
Aao Raja,"Neha Kakkar, Yo Yo Honey Singh",BollywoodDance,Gabbar Is Back,0.9099999999999999
Haseeno Ka Deewana,"Payal Dev, Raftaar",BollywoodDance,Kaabil,0.9099999999999999
Swag,"Brijesh Shandaliya, Pranaay",BollywoodDance,Munna Michael,0.9099999999999999
Ki Kariye Nachna Aaonda Nahin,"Hardy Sandhu, Neha Kakkar, Raftaar",BollywoodDance,Tum Bin 2,0.9
Neele Neele Ambar par,Kishore Kumar,BollywoodDance,Kalaakaar,0.93
Choli Ke Peeche Kya Hai (Female),"Alka Yagnik, Vinod Rathod",BollywoodDance,Khal Nayak,0.8699999999999999
Kitna Haseen Chehra,Kumar Sanu,BollywoodRomantic,Dilwale,0.82
Girl I Need You,"Arijit Singh, Roach Killa",BollywoodRomantic,Baaghi,0.93
Sanam Teri Kasam,Ankit Tiwari,BollywoodRomantic,Sanam Teri Kasam,0.93
Kisi Din Banoongi Main,"Alka Yagnik, Udit Narayan",BollywoodDance,Raja,0.8400000000000001
Laaj Sharam,"Divya Kumar, Enbee, Jasleen Royal",Bollywood,Veere Di Wedding,0.9
Badan Pe Sitaare,Sonu Nigam,BollywoodDanceRomantic,Fanney Khan,0.93
Menu Kehn De,Himesh Reshammiya,BollywoodSad,Aap Se Mausiiquii,0.89
Bekhudi,"Aditi Singh Sharma, Darshan Raval",BollywoodRomantic,Teraa Surroor,0.9
Kun Faya Kun,"A.R. Rahman, Javed Ali, Mohit Chauhan",BollywoodDance,Rockstar,0.9400000000000001
Balam Pichkari,"Shalmali Kholgade, Vishal Dadlani",BollywoodDance,Yeh Jawaani Hai Deewani,0.9099999999999999
Tinka Tinka Dil Mera,Rahat Fateh Ali Khan,BollywoodSad,Tubelight,0.9400000000000001
Jaana Ve,Arijit Singh,BollywoodRomantic,Aksar 2,0.93
Shubh Din,"Keerthi Sagathia, Yotica Tangri",Bollywood,Parmanu The Story of Pokhran,0.96
The Disco Song,"Benny Dayal, Nazia Hassan, Sunidhi Chauhan",BollywoodDance,Student of the Year,0.9099999999999999
Nagada Sang Dhol,"Osman Mir, Shreya Ghoshal",BollywoodDance,Goliyon Ki Rasleela Ram-leela,0.9
Tune Mari Entriyaan,"Bappi Lahiri, K.K., Neeti Mohan, Vishal Dadlani",BollywoodDance,Gunday,0.89
Ijazat,"Arijit Singh, Meet Bros",BollywoodRomanticSensual,One Night Stand,0.85
Tujhse Naaraz Nahi Zindagi,Anup Ghoshal,BollywoodSad,Masoom,0.9199999999999999
Pyar Kabhi Kam Nahi Karna,"Asha Bhosle, Bappi Lahiri",BollywoodRomantic,Prem Pratigyaa,0.82
Chikni Chameli,Shreya Ghoshal,BollywoodDance,Agneepath,0.9199999999999999
Zaroorat,Mustafa Zahid,BollywoodSad,Ek Villain,0.9400000000000001
Bang Bang,"Benny Dayal, Neeti Mohan",BollywoodDance,Bang bang,0.93
Bulleya,Papon,BollywoodRomantic,Sultan,0.9400000000000001
Barso Re,Shreya Ghoshal,BollywoodDance,Guru,0.93
Manwa Laage,"Arijit Singh, Shreya Ghoshal",BollywoodRomantic,Happy New Year,0.93
The Google Song,"Amaal Mallik, Armaan Malik, Neeti Mohan, Sonu Nigam, Tulsi Kumar",BollywoodDance,Mubarakan,0.9099999999999999
Ek Mulaqat,Jubin Nautiyal,BollywoodRomanticSad,Sonali Cable,0.93
Suraj Hua Maddham,"Alka Yagnik, Sonu Nigam",Bollywood,Kabhi Khushi Kabhie Gham,0.9199999999999999
Aa Toh Sahii,"Meet Bros, Neha Kakkar",BollywoodDance,Judwaa 2,0.9199999999999999
Nazm Nazm,Arko,BollywoodRomantic,Bareilly Ki Barfi,0.96
Teri Ore,"Rahat Fateh Ali Khan, Shreya Ghoshal",BollywoodRomantic,Singh Is Kinng,0.9400000000000001
Toota Jo Kabhi Tara,"Atif Aslam, Sumedha Karmahe",BollywoodSad,A Flying Jatt,0.93
Say “Shava Shava”,"Aadesh, Alka Yagnik, Amitabh Bachchan, Sudesh Bhosle, Sunidhi Chauhan",BollywoodDance,Kabhi Khushi Kabhie Gham,0.9099999999999999
Sunn Raha Hai (Male),Ankit Tiwari,BollywoodSad,Aashqui 2,0.93
Tu Banja Gali Benaras Ki,Asit Tripathy,BollywoodRomantic,Shaadi Mein Zaroor Aana,0.96
Khuda Bhi,Mohit Chauhan,BollywoodRomantic,Ek Paheli Leela,0.9099999999999999
Chaar Botal Vodka,Yo Yo Honey Singh,BollywoodDance,Ragini MMS 2,0.8800000000000001
Selfie Le Le Re,"Badshah, Nakash Aziz, Pritam, Vishal Dadlani",BollywoodDance,Bajrangi Bhaijaan,0.8800000000000001
India Wale,"K.K., Neeti Mohan, Shankar Mahadevan, Vishal Dadlani",BollywoodDance,Happy New Year,0.9099999999999999
Kudi Gujarat Di,"Akasa Singh, Jasbir Jassi, Sonia Sharma",BollywoodDance,Sweetiee Weds NRI,0.93
Lag Ja Gale,Rahat Fateh Ali Khan,BollywoodRomantic,Bhoomi,0.95
O O Jaane Jaana,Kamaal khan,BollywoodDance,Pyaar Kiya To Darna Kya,0.93
Fevicol Se,"Keerthi Sagathia, Mamta Sharma, Shadab Faridi, Uvie, Wajid",BollywoodDance,Dabangg 2,0.8800000000000001
Tishnagi,"Dev Negi, Sunidhi Chauhan",BollywoodSensual,Tishnagi,0.8800000000000001
Saiyaara,"Mohit Chauhan, Tarannum Malik",BollywoodSad,Ek Tha Tiger,0.9199999999999999
Jab Mehndi Lag Lag Jaave,"Shreya Ghoshal, Sonu Nigam",BollywoodDance,Singh Saab The Great,0.8699999999999999
Tu Jo Mila,K.K.,Bollywood,Bajrangi Bhaijaan,0.9400000000000001
Baarish (Atif Aslam),Atif Aslam,BollywoodRomantic,Half Girlfriend,0.93
Akkad Bakkad,"Badshah, Neha Kakkar",BollywoodDance,Sanam Re,0.9099999999999999
Tum Ho Toh Lagta Hai,Shaan,BollywoodRomantic,Dil Juunglee,0.97
Kya Khoob Lagti Ho,Unknown,BollywoodDance,Dharmatma,0.86
Kya Khoob Lagti Ho,"Kanchan, Mukesh",BollywoodRomantic,Dharmatma,0.86
Saturday,"Akriti Kakar, Badshah, Indeep Bakshi",BollywoodDance,Humpty Sharma Ki Dulhania,0.9099999999999999
Dard Karaara,"Kumar Sanu, Sadhana Sargam",BollywoodRomantic,Dum Laga Ke Haisha,0.89
Akhiyaan Milaoon Kabhi,"Alka Yagnik, Udit Narayan",BollywoodDance,Raja,0.9
Mere Humsafar,"Mithoon, Tulsi Kumar",BollywoodSad,All is Well,0.9199999999999999
Hangover,"Anjjan, Meet Bros, Salman Khan, Shreya Ghoshal",BollywoodRomantic,Kick,0.9099999999999999
Mind Blowing,Mika Singh,BollywoodDance,Veerey Ki Wedding,0.9099999999999999
Jaaneman Aah,"Aaman Trikha, Antara Mitra",BollywoodDance,Dishoom,0.9099999999999999
Dangal,Daler Mehndi,BollywoodMotivational,Dangal,0.9099999999999999
Jag Ghoomeya (Female),Neha Bhasin,BollywoodRomantic,Sultan,0.9099999999999999
Madamiyan,"Mamta Sharma, Mika Singh",BollywoodDance,Tevar,0.9099999999999999
Hum Nahi Sudhrenge,Armaan Malik,BollywoodDance,Golmaal Again,0.8800000000000001
Aye Watan Tere Liye,"Kavita Krishnamurthy, Mohammad Aziz",BollywoodPatriotic,Karma,0.8800000000000001
Tu Hai,"A.R. Rahman, Sanah Moidutty",BollywoodRomantic,Mohenjo Daro,0.9400000000000001
Likhne Wale Ne Likh Dale,"Lata Mangeshkar, Suresh Wadkar",BollywoodDance,Arpan,0.77
Duniya Bananewale,Mukesh,BollywoodSad,Teesri Kasam,0.8400000000000001
Bum Bum Bole,Shaan,BollywoodDance,Taare Zameen Par,0.74
Hans Mat Pagli,"Shreya Ghoshal, Sonu Nigam",BollywoodRomantic,Toilet Ek Prem Katha,0.93
Butterfly,"Aaman Trikha, Dev Negi, Jyoti Nooran, Sultana Nooran, Sunidhi Chauhan",BollywoodDance,Jab Harry Met Sejal,0.9099999999999999
Nayak Nahi Khalnayak Hoon Main,"Kavita Krishnamurthy, Vinod Rathod",BollywoodDance,Khal Nayak,0.8699999999999999
Saree Ke Fall Sa,"Antara Mitra, Nakash Aziz",BollywoodDance,R... Rajkumar,0.89
Galla Goriyan – Aaja Soniye,"Kanika Kapoor, Mika Singh",BollywoodDance,Baa Baa Black Sheep,0.93
Mubarakan Title Song,"Badshah, Juggy D, Sukriti Kakar, Yash Narvekar",BollywoodDance,Mubarakan,0.9400000000000001
Nachdi Phira,Meghna Mishra,BollywoodSad,Secret Superstar,0.96
Maula Mere Maula,Roop Kumar Rathod,BollywoodRomantic,Anwar,0.9400000000000001
Raah Mein Unse Mulaqat,"Alka Yagnik, Kumar Sanu",BollywoodRomantic,Vijaypath,0.8699999999999999
Resham Ka Rumaal,"Sonia Sharma, Toshi Sabri",BollywoodDance,Great Grand Masti,0.9
Twist Kamariya,"Altamash Faridi, Harshdeep Kaur, Tanishk Baagchi, Yasser Desai",BollywoodDance,Bareilly Ki Bafi,0.9099999999999999
Ram Chahe Leela,Bhoomi Trivedi,BollywoodDance,Ramleela,0.9099999999999999
Ram Chahe Leela,Bhoomi Trivedi,BollywoodDance,Goliyon Ki Rasleela Ram-leela,0.9099999999999999
Kukkad Kamaal Da,"Marianne, Nisha Mascarenhas, Shahid Mallya",BollywoodDance,Student of the Year,0.9400000000000001
Aa Jao Na,"Arijit Singh, Shashwat Sachdev",BollywoodSad,Veere Di Wedding,0.9400000000000001
Banjaara,"Mohammed Irfan, Shashaa Tirupati",BollywoodRomantic,Ek Villain,0.95
Radha Kaise Na Jale,"Asha Bhosle, Udit Narayan",BollywoodDanceRomantic,Lagaan,0.9199999999999999
Bewajah,Himesh Reshammiya,BollywoodSad,Sanam Teri Kasam,0.93
London Thumakda,"Labh Janjua, Neha Kakkar, Sonu Kakkar",BollywoodDance,Queen,0.89
Aashiq Banaya Aapne,"Himesh Reshammiya, Shreya Ghoshal",BollywoodSensual,Aashiq Banaya Aapne,0.8400000000000001
Kheench Meri Photo,"Akasa Singh, Darshan Raval, Neeti Mohan",BollywoodDance,Sanam Teri Kasam,0.9
Aayega Maza Ab Barsaat Ka,"Alka Yagnik, Babul Supriyo",BollywoodRomantic,Andaaz,0.85
Bewafa Beauty,Pawni Pandey,Bollywood,Black Mail,0.8699999999999999
Birthday Bash,"Alfaaz, Yo Yo Honey Singh",BollywoodDance,Dilliwaali Zaalim Girlfriend,0.9199999999999999
Jumme Ki Raat,"Mika Singh, Palak Muchhal",BollywoodDance,Kick,0.8699999999999999
Jab Koi Baat Bigad Jaye,"Kumar Sanu, Sadhna Sargam",BollywoodRomantic,Jurm,0.9
Tera Hone Laga Hoon,"Alisha Chinai, Atif Aslam",BollywoodRomantic,Ajab Prem Ki Ghazab Kahani,0.9400000000000001
Sheila Ki Jawani,"Sunidhi Chauhan, Vishal Dadlani",BollywoodDance,Tees Maar Khan,0.9199999999999999
Uff,"Benny Dayal, Harshdeep Kaur",BollywoodDance,Bang bang,0.95
Sunny Sunny,Yo Yo Honey Singh,BollywoodDance,Yaariyan,0.8699999999999999
Ghagra,"Rehka Bharadwaj, Vishal Dadlani",BollywoodDance,Yeh Jawaani Hai Deewani,0.9199999999999999
Paani Wala Dance,"Arko, Ikka, Shraddha Pandit",BollywoodDance,Kuch Kuch Locha Hai,0.8400000000000001
Dola Re Dola,"K.K., Kavita Krishnamurthy, Shreya Ghoshal",BollywoodDance,Devdas,0.89
Jab Tum Chaho,"Darshan Raval, Mohammed Irfan, Palak Muchhal",BollywoodDance,Prem Ratan Dhan Payo,0.82
Tere Bina Zindagi Se Koi Shikwa To Nahin,"Kishore Kumar, Lata Mangeshkar",BollywoodSad,Aandhi,0.89
Mujhe Ek Pal Chain,"Alka Yagnik, Hariharan, Jaswinder Narula",BollywoodDance,Judaai,0.86
Kuch Iss Tarah,Arnab Dutta,BollywoodSad,1921,0.96
Gazab Ka Hai Din,"Jubin Nautiyal, Prakriti Kakkar",BollywoodRomantic,Dil Juunglee,0.97
Tu Jaane Na,Atif Aslam,BollywoodRomantic,Ajab Prem Ki Ghazab Kahani,0.9400000000000001
Tumne Agar Pyar Se – Female,Alka Yagnik,BollywoodDance,Raja,0.8300000000000001
Stay A Little Longer,Anushka Shahaney,BollywoodSad,Half Girlfriend,0.95
Badtameez Dil,Benny Dayal,BollywoodDance,Yeh Jawaani Hai Deewani,0.93
Chand Sifarish,"Kailash Kher, Shaan",BollywoodRomantic,Fanaa,0.9199999999999999
Is Pyar Se Meri Taraf Na Dekho,"Alka Yagnik, Kumar Sanu",BollywoodRomantic,Chamatkar,0.8800000000000001
Aaj Unse Milna Hai,Shaan,BollywoodDanceRomantic,Prem Ratan Dhan Payo,0.79
Tere Bin Nahi Laage,Uzair Jaswal,BollywoodRomanticSad,Ek Paheli Leela,0.93
Yaar Na Miley,"Jasmine Sandlas, Yo Yo Honey Singh",BollywoodDance,Kick,0.89
Main Rang Sharbaton Ka,Atif Aslam,BollywoodRomantic,Phata Poster Nikhla Hero,0.9400000000000001
Raazi Title Track,Arijit Singh,BollywoodMotivational,Raazi,0.9400000000000001
Hum Tumhe Chahte Hai Aise,"Anand Kumar C, Kanchan, Manhar Udhas",BollywoodRomantic,Qurbani,0.82
Ittefaq Se Raat Baaki,"Jubin Nautiyal, Nikhita Gandhi",BollywoodDance,Ittefaq,0.9199999999999999
Oye Oye,"Aditi Singh Sharma, Armaan Malik",BollywoodDance,Azhar,0.9
Sooraj Dooba Hai,"Adit Singh Sharma, Arijit Singh",BollywoodDance,Roy,0.93
Will You Marry me,"Divya Kumar, Jonita Gandhi",BollywoodDance,Bhoomi,0.89
Tera Hoke Rahoon,Arijit Singh,BollywoodRomantic,Behen Hogi Teri,0.96
Aa Re Pritam Pyaare,"Mamta Sharma, Sarosh Sami",BollywoodDance,Rowdy Rathore,0.9199999999999999
Mehboob Mere Mehboob Mere,"Lata Mangeshkar, Mukesh",BollywoodRomantic,Pathar Ke Sanam,0.79
Dil Mein Chhupa Loonga,"Armaan Malik, Meet Bros, Tulsi Kumar",BollywoodRomanticSensual,Wajah Tum Ho,0.86
Dance Basanti,"Anushka Manchanda, Vishal Dadlani",BollywoodDance,Ungli,0.9199999999999999
Teri Meri Prem Kahani,"Rahat Fateh Ali Khan, Shreya Ghoshal",BollywoodSad,Bodyguard,0.9199999999999999
Lungi Dance,Yo Yo Honey Singh,BollywoodDance,Chennai Express,0.85
Jeena Jeena,Atif Aslam,BollywoodRomanticSad,Badlapur,0.93
Thare Vaaste,Divya Kumar,BollywoodPatriotic,Parmanu The Story of Pokhran,0.96
Maine Socha Ke Chura Loon,"Arijit Singh, Shreya Ghoshal",BollywoodRomantic,Phir Se,0.96
Mar Gaye,"Manj Musik, Nindy Kaur",BollywoodDance,Beiimaan Love,0.9400000000000001
Cutiepie,"Nakash Aziz, Pardeep Singh Sran",BollywoodDance,Ae Dil Hai Mushkil,0.9099999999999999
Lipstick Laga Ke,"Payal Dev, Shaan",BollywoodDance,Great Grand Masti,0.9199999999999999
Laila,"Anand Raaj Anand, Mika Singh, Sunidhi Chauhan",BollywoodDance,Shootout at Wadala,0.8800000000000001
Tu Mera Hero,"Mika, Shefali Alvaris",BollywoodDance,Desi Boyz,0.9099999999999999
A Flying Jatt,"Mansheel Gujral, Raftaar, Tanishkaa",BollywoodDance,A Flying Jatt,0.82
World Dance Medley,"K.K., Neeti Mohan, Shankar Mahadevan, Sukhwinder Singh, Vishal Dadlani",BollywoodDanceRomantic,Happy New Year,0.9400000000000001
Qayamat,"Alka Yagnik, Sukhwinder Singh",BollywoodDance,Deewane,0.86
Matargashti,Mohit Chauhan,BollywoodDance,Tamasha,0.9199999999999999
Pehla Nasha Once Again,"Jubin Nautiyal, Palak Muchhal",BollywoodRomantic,Yoodlee film – Kuchh Bheege Alfaaz,0.95
Raj Karega Khalsa,"Daler Mehndi, Navraj Hans",BollywoodMotivational,A Flying Jatt,0.8400000000000001
Punjabi Wedding Song,"Benny Dayal, Sunidhi Chauhan",BollywoodDance,Hasee Toh Phasee,0.93
Rabba Ishq Na Hove,"Alka Yagnik, Kailash Kher, Sapna Mukherjee, Sonu Nigam",BollywoodSad,Andaaz,0.79
Tumhi Ho Bandhu,"Kavita Seth, Neeraj Shridhar",BollywoodDance,Cocktail,0.9199999999999999
Saans,"Mohit Chauhan, Shreya Ghoshal",BollywoodRomantic,Jab Tak Hai Jaan,0.9099999999999999
Besharmi Ki Height,"Benny Dayal, Shalmali Kholgade",BollywoodDance,Main Tera Hero,0.9199999999999999
Mere Rashke Qamar,Tulsi Kumar,BollywoodDanceSad,Baadshaho,0.9099999999999999
Besabriyaan,Armaan Malik,Bollywood,M.S. Dhoni,0.95
Tu Hai Ki Nahin,Ankit Tiwari,BollywoodSad,Roy,0.9400000000000001
Aaj Ki Party,Mika Singh,BollywoodDance,Bajrangi Bhaijaan,0.8800000000000001
Saaton Janam Main Tere,"Alka Yagnik, Kumar Sanu",BollywoodRomantic,Dilwale,0.8300000000000001
Allah Kare Dil Na Lage,"Alka Yagnik, Sonu Nigam",BollywoodRomantic,Andaaz,0.8400000000000001
Ye Jo Teri Paylon Ki,"Abhijeet, Sadhana Sargam",BollywoodDance,Masoom,0.9
Tum,Atif Aslam,BollywoodRomantic,Laila Majnu,0.97
Radha Nachegi,"Danish Sabri, Ritu Pathak, Shabab Sabri",BollywoodDance,Tevar,0.8699999999999999
Itni Si Baat Hai,"Antara Mitra, Arijit Singh",BollywoodRomantic,Azhar,0.95
Laagi Na Choote,"Arijit Singh, Shreya Ghoshal",BollywoodRomantic,A Gentleman,0.93
Sab Tera,"Armaan Malik, Shraddha Kapoor",BollywoodRomantic,Baaghi,0.93
Mashallah,"Shreya Ghoshal, Wajid",BollywoodDance,Ek Tha Tiger,0.9199999999999999
Taaron Ka Chamakta,"Bali Brahambhatt, Udit Narayan",BollywoodDance,Hum Tumhare Hain Sanam,0.85
Sau Tarah Ke,"Amit Mishra, Jonita Gandhi",BollywoodDance,Dishoom,0.93
Gulabi Aankhen,Mohammed Rafi,BollywoodDanceRomantic,The Train,0.93
Gulaabo,"Anusha Mani, Vishal Dadlani",BollywoodDance,Shaandaar,0.9199999999999999
Ya Ali,Zubeen Garg,BollywoodSad,Gangster,0.9199999999999999
Lahu Munh Lag Gaya,Shail Hada,BollywoodDance,Goliyon Ki Rasleela Ram-leela,0.9199999999999999
Yeh Kasoor Mera Hai,Sonu Kakkar,BollywoodRomanticSadSensual,Jism 2,0.78
Shanivaar Raati,"Arijit Singh, Shalmali Kholgade",BollywoodDance,Main Tera Hero,0.8800000000000001
Tere Dil Mein,Armaan Malik,BollywoodSad,Commando 2,0.9400000000000001
Jab Haal E Dil Tumse Kehne Ko,Alka Yagnik,BollywoodDance,Salaami,0.8699999999999999
Tattad Tattad,Aditya Narayan,BollywoodDance,Goliyon Ki Rasleela Ram-leela,0.9
Mohe Rang Do Laal,"Pandit Birju Maharaj, Shreya Ghoshal",BollywoodRomantic,Bajirao Mastani,0.9400000000000001
Ek Haseena Thi,"Himesh Reshammiya, Shreya Ghoshal",BollywoodDance,Karzzzz,0.8699999999999999
Kahin Pyaar Na Ho Jaye,"Alka Yagnik, Kumar Sanu",BollywoodRomantic,Kahin Pyaar Na Ho Jaye,0.8400000000000001
Ek Do Teen,Alka Yagnik,BollywoodDance,Tezaab,0.8699999999999999
Maahi Ve,"Sadhana Sargam, Shankar Mahadevan, Sonu Nigam, Udit Narayan",BollywoodDance,Kal Ho Naa Ho,0.95
Tere Mere,Armaan Malik,BollywoodSad,Chef,0.97
Allah Maaf Kare,"Shilpa Rao, Sonu Nigam",BollywoodDanceRomantic,Desi Boyz,0.93
Le Le Maza Le,"Hrishikesh Kamerkar, Nikita Nigam, Soumya Raoh, Suzanne D'Mello",BollywoodDance,Wanted,0.9
Jaa Sajna Tujhko Bhula,"Alka Yagnik, Udit Narayan",BollywoodSad,Raja,0.8
Nazar Se Nazar Mile,Rahat Fateh Ali Khan,BollywoodRomantic,Bollywood HeightsMiley Naa Miley Hum,0.9199999999999999
Gandi Baat,"Kalpana Patowary, Mika Singh",BollywoodDance,R... Rajkumar,0.86
Sarphiri,"Babul Supriyo, Shreya Ghoshal",BollywoodRomantic,Laila Majnu,0.96
Mere Sapno Ki Rani,Kishore Kumar,BollywoodDanceRomantic,Aradhana,0.9099999999999999
Dum Dum,"Benny Dayal, Himani Kapoor",BollywoodDance,Band Baaja Baaraat,0.93
Sari Duniya Ka Boj,Shabbir Kumar,BollywoodDance,Coolie,0.79
Pink Lips,"Anjjan, Khushhboo Grewal, Meet Bros",BollywoodDance,Hate Story 2,0.8699999999999999
Pee Loon,Mohit Chauhan,BollywoodRomance,Once Upon A Time In Mumbai,0.93
Khali Khali Dil,"Armaan Malik, Payal Dev",BollywoodRomantic,Tera Intezaar,0.9
Hare Krishna Hare Ram,"Armaan Malik, Ritika",BollywoodDance,Commando 2,0.8800000000000001
Single Rehne De,"Divya Kumar, Shalmali Kholgade",BollywoodDance,Simran,0.9
Jhak Maar Ke,"Harshdeep Kaur, Neeraj Shridhar",BollywoodDance,Desi Boyz,0.93
Naa Jaane,"Anushka Manchanda, Neeraj Shridhar",BollywoodDance,I Me Aur Main,0.93
Party On My Mind,"K.K., Shefali Alvares, Yo Yo Honey Singh",BollywoodDance,Race 2,0.93
Kajra Re,"Alisha Chinai, Javed Ali, Shankar Mahadevan",BollywoodDance,Bunty Aur Babli,0.9199999999999999
Likhe Jo Khat Tujhe,Mohammed Rafi,BollywoodDance,Kanyadaan,0.9199999999999999
Jhanjariya,Abhijeet,BollywoodDance,Krishna,0.9
O Saathi Re Tere Bina,"Anjaan, Kishore Kumar",BollywoodSad,Muqaddar Ka Sikandar,0.8400000000000001
Tare Hain Barati,"Jaspinder Narula, Kumar Sanu",BollywoodDance,Virasat,0.89
Tu Zaroorat Nahi Tu Zaroori Hai,"Gandharv Sachdev, Shreya Ghoshal",BollywoodSad,Fuddu,0.9
Iski Uski,"Akriti Kakar, Shahid Mallya",BollywoodDance,2 States,0.9099999999999999
Chote Chote Bhaiyon Ke Bade Bhaiya,"Kavita Krishnamurthy, Kumar Sanu, Udit Narayan",BollywoodDance,Hum Saath-Saath Hain,0.8099999999999999
Saiyaan Superstar,Tulsi Kumar,BollywoodDance,Ek Paheli Leela,0.89
Every Night & Day,"Himesh Reshammiya, Iulia Vantur",BollywoodDance,Aap Se Mausiiquii,0.9400000000000001
Photocopy,"Himesh Reshammiya, Keerthi Sagathia, Palak Muchhal",BollywoodDance,Jai Ho,0.8699999999999999
Dil Tu Hi Bataa,"Alisha Chinai, Zubeen Garg",BollywoodRomantic,Krrish 3,0.85
Beech Beech Mein,"Arijit Singh, Shalmali Kholgade, Shefali Alvares",BollywoodDance,Jab Harry Met Sejal,0.9199999999999999
Aakhon Aakhon,Yo Yo Honey Singh,BollywoodDance,Bhaag Johnny,0.9400000000000001
Kabhi Alvida Naa Kehna Title Track,"Alka Yagnik, Sonu Nigam",BollywoodRomanticSad,Kabhi Alvida Naa Kehna,0.9400000000000001
All Izz Well,"Shaan, Sonu Nigam, Swanand Kirkire",BollywoodDance,3 Idiots,0.8099999999999999
Chandralekha,"Jonita Gandhi, Vishal Dadlani",BollywoodDance,A Gentleman,0.9199999999999999
Mitwa,"Caralisa Monteiro, Shafqat Amanat Ali, Shankar Ehsaan Loy, Shankar Mahadevan",BollywoodDance,Kabhi Alvida Naa Kehna,0.95
Baat Ban Jaaye,"Priya Saraiya, Siddharth Basrur",BollywoodDanceRomantic,A Gentleman,0.8800000000000001
Oye Hichki,Harshdeep Kaur,BollywoodDance,Hichki,0.8699999999999999
Ang Laga De,"Aditi Paul, Shail Hada",BollywoodRomanticSensual,Goliyon Ki Rasleela Ram-leela,0.9
Lagdi Hai Thaai,"Guru Randhawa, Jonita Gandhi",BollywoodDance,Simran,0.9199999999999999
Ishq Chadha Hai,Darshan Raval,BollywoodRomantic,Single,0.97
Bandeya,Arijit Singh,BollywoodSad,Dil Juunglee,0.96
Love Mera Hit Hit,"Neeraj Shridhar, Tulsi Kumar",BollywoodDance,Billu,0.93
Ishq Da Sutta,"Jasmine Sandlas, Meet Bros",BollywoodDance,One Night Stand,0.9
Zindagi Kuch Toh Bata,Jubin Nautiyal,Bollywood,Bajrangi Bhaijaan,0.9400000000000001
Haareya,Arijit Singh,BollywoodRomantic,Meri Pyaari Bindu,0.96
Patthar Ke Sanam,Mohammed Rafi,BollywoodSad,Patthar Ke Sanam,0.8800000000000001
The Medley,"Lata Mangeshkar, Pamela Chopra, Sonu Nigam, Udit Narayan",BollywoodDance,Mujhse Dosti Karoge!,0.9
Raghupati Raghav,"Bob, Monali Thakur, Neeraj Shridhar",BollywoodDance,Krrish 3,0.9099999999999999
The Padman Song,Mika Singh,BollywoodDance,Padman,0.93
Go Pagal,"Nindy Kaur, Raftaar",BollywoodDance,Jolly LLB 2,0.86
Sadi Gali,Lehmber Hussainpuri,BollywoodDance,Tanu Weds Manu,0.9
Daiya Daiya Daiya Re,Alka Yagnik,BollywoodDanceRomantic,Dil Ka Rishta,0.89
Challa,Rabbi Shergill,BollywoodDance,Jab Tak Hai Jaan,0.9400000000000001
Thoda Aur,"Arijit Singh, Palak Muchhal",BollywoodRomantic,Ranchi Diaries,0.95
Sexy Baby Girl,"Lil Golu, Swati Sharma",BollywoodDance,Tera Intezaar,0.89
Ek Dilruba Hai,Udit Narayan,BollywoodDanceRomantic,Bewafaa,0.89
Tu Pyar Hai Kisi Aur Ka,"Anuradha Paudwal, Kumar Sanu",BollywoodSad,Dil Hai Ke Manta Nahin,0.9099999999999999
Aata Majhi Satakli,"Mamta Sharma, Nitu Choudhry, Yo Yo Honey Singh",BollywoodDance,Singham Returns,0.79
Ishq Bulaava,Sanam Puri,BollywoodRomantic,Hasee Toh Phasee,0.9800000000000001
Thug Le,"Sweta Pandit, Vishal Dadlani",BollywoodDance,Ladies Vs Ricky Bahl,0.9400000000000001
Hum Mar Jayenge,"Arijit Singh, Tulsi Kumar",BollywoodSad,Aashiqui 2,0.9199999999999999
Desi Girl,"Shankar Mahadevan, Sunidhi Chauhan, Vishal Dadlani",BollywoodDance,Dostana,0.9400000000000001
Madamji Go Easy,"Benny Dayal, David Klyton",BollywoodDance,Hichki,0.89
Tu Dharti Pe Chaahe Jahan Bhi,"Alka Yagnik, Kumar Sanu",BollywoodRomantic,Jeet,0.86
Sandese Aate Hain,"Roop Kumar Rathod, Sonu Nigam",BollywoodPatriotic,Border,0.9099999999999999
Tenu Le Ke,"Mahalakshmi Iyer, Sonu Nigam",BollywoodDance,Salaam-E-Ishq,0.9400000000000001
Pehli Nazar Mein,Atif Aslam,BollywoodRomantic,Race,0.95
I Wanna Tera Ishq,"Shivangi Bhayana, Shivranjani Singh",BollywoodDance,Great Grand Masti,0.9199999999999999
Nimbooda Nimbooda,"Ismail Darbar, Kavita Krishnamurthy",BollywoodDance,Hum Dil De Chuke Sanam,0.8699999999999999
Tera Rang Balle Balle,"Jaspinder Narula, Sonu Nigam",BollywoodDance,Soldier,0.85
Dil Laga Na,"Jolly Mukherjee, Mahalaxmi Iyer, Soham Chakrabarthy, Sukhbir, Suzanne D'Mello",BollywoodDance,Dhoom 2,0.9199999999999999
Naina Banjare,Arijit Singh,BollywoodRomantic,Pataakha,0.97
Yadaan Teriyaan,Rahat Fateh Ali Khan,Bollywood,Hero,0.9400000000000001
Asalaam-E-Ishqum,"Bappi Lahiri, Neha Bhasin",BollywoodDance,Gunday,0.93
Nadaan Parindey,A.R. Rahman,BollywoodSad,Rockstar,0.95
You Are My Soniya,"Alka Yagnik, Sonu Nigam",BollywoodDance,Kabhi Khushi Kabhie Gham,0.9400000000000001
Aaja Nachle,Sunidhi Chauhan,BollywoodDance,Aaja Nachle,0.9099999999999999
Piya O Re Piya,"Atif Aslam, Shreya Ghoshal",BollywoodRomantic,Tere Naal Love Ho Gaya,0.96
Halka Halka,"Ram Sampath, Shreya Ghoshal, Sonu Nigam",BollywoodDanceRomantic,Raees,0.95
Peh Gaya Khalara,"Akanksha Bhandari, Akasa Singh, Divya Kumar, Jasleen Royal",BollywoodDance,Fukrey Returns,0.9400000000000001
Malang,"Shilpa Rao, Siddharth Mahadevan",BollywoodDance,Dhoom 3,0.9099999999999999
Kuch Kuch Hota Hai,"Alka Yagnik, Udit Narayan",BollywoodRomantic,Kuch Kuch Hota Hai,0.9199999999999999
Tay Hai,Ankit Tiwari,BollywoodSad,Rustom,0.96
Usire Usire,"Shaan, Shreya Ghoshal",BollywoodDanceRomantic,Hebbuli,0.8699999999999999
Papa Mere Papa,"Baby Aparna, Shreya Ghoshal, Sonu Nigam",Bollywood,Main Aisa Hi Hoon,0.79
Go Go Govinda (Reprise),"Aaman Trikha, Shreya Ghoshal",BollywoodDance,OMG Oh My God!,0.8699999999999999
Go Go Govinda,"Aman Trikha, Shreya Ghoshal",BollywoodDance,OMG Oh My God!,0.8699999999999999
Tu Mujhe Kabool,"Kavita Krishnamurthy, Mohammad Aziz",BollywoodDance,Khuda Gawah,0.8099999999999999
Hori Khele Raghuveera,"Alka Yagnik, Amitabh Bachchan, Sukhwinder Singh, Udit Narayan",BollywoodDance,Baghban,0.82
Aap Ka Aana Dil Dhadkana,"Alka Yagnik, Kumar Sanu",BollywoodDance,Kurukshetra,0.89
Love Tujhe Love Main Karta,"Alka Yagnik, Kumar Sanu",BollywoodRomantic,Barsaat,0.89
Just Go to Hell Dil,"Amit Trivedi, Sunidhi Chauhan",BollywoodSad,Dear Zindagi,0.96
Party All Night,Yo Yo Honey Singh,BollywoodDance,Boss,0.9
Talli Tonight,"Deep Money, Meet Bros, Mellow D, Neha Kakkar",BollywoodDance,Veerey Ki Wedding,0.93
Darasal,Atif Aslam,BollywoodRomantic,Raabta,0.96
Mauja Hi Mauja,Mika Singh,BollywoodDance,Jab We Met,0.93
Dhokha Dhadi,Arijit Singh,BollywoodRomantic,R... Rajkumar,0.93
Dhoom Machale Dhoom,Aditi Singh Sharma,BollywoodDance,Dhoom 3,0.93
Ikk Kudi,Diljit Dosanjh,BollywoodRomantic,Udta Punjab,0.95
Jhalak Dikhla Ja,Himesh Reshammiya,BollywoodDance,Aksar,0.89
Baby Doll,"Anjjan, Kanika Kapoor, Meet Bros",BollywoodDance,Ragini MMS 2,0.8800000000000001
Laila O Laila,"Amit Kumar, Kanchan",BollywoodDance,Qurbani,0.8800000000000001
Jaane De,Atif Aslam,Bollywood,Qarib Qarib Singlle,0.96
Dilli Wali Girlfriend,"Arijit Singh, Sunidhi Chauhan",BollywoodDance,Yeh Jawaani Hai Deewani,0.9199999999999999
Mar Jaayen,Atif Aslam,BollywoodSad,Loveshhuda,0.97
I Love My India,"Hariharan, Kavita Krishnamurthy",BollywoodDance,Pardes,0.86
O Sahiba O Sahiba,"Kavita Krishnamurthy, Sonu Nigam",BollywoodSad,Dil Hai Tumhaara,0.8699999999999999
O Saaki Saaki,"Sukhwinder Singh, Sunidhi Chauhan",BollywoodDance,Musafir,0.9199999999999999
Let’s Talk About Love,"Manj Musik, Neha Kakkar, Raftaar",BollywoodDance,Baaghi,0.9199999999999999
Satakli,Sukhwinder Singh,BollywoodDance,Happy New Year,0.9199999999999999
Kashmir Main Tu Kanyakumari,"Arijit Singh, Neeti Mohan, Sunidhi Chauhan",BollywoodDance,Chennai Express,0.93
Kaala Doreya,Neha Bhasin,Bollywood,Kaalakaandi,0.93
Raabta,"Arijit Singh, Hamsika, Joi",BollywoodRomantic,Agent Vinod,0.95
Vele,"Shekhar Ravjiani, Vishal Dadlani",BollywoodDance,Student of the Year,0.95
440 Volt,Mika Singh,BollywoodDance,Sultan,0.89
Aapka Kya Hoga,"Arun Ingle, Mika Singh, Sajid Khan, Shankar Mahadevan, Sunidhi Chauhan",BollywoodDance,Housefull,0.9099999999999999
Tere Ishq Mein Naachenge,"Alisha Chinai, Kumar Sanu, Sapna Mukharji",BollywoodDance,Raja Hindustani,0.8699999999999999
Kisi Ki Muskurahaton Se,Mukesh,BollywoodDance,Anari,0.96
Bawara Mann,"Jubin Nautiyal, Neeti Mohan",BollywoodRomantic,Jolly LLB 2,0.93
Tere Bina (Guru),"A.R. Rahman, Chinmaye, Murtuza Khan, Qadir Khan",BollywoodDance,Guru,0.96
Itna Sannata Kyun Hai,"Aditi Singh Sharma, Amit Mishra",BollywoodDance,Golmaal Again,0.8699999999999999
Desi Look,Kanika Kapoor,BollywoodDance,Ek Paheli Leela,0.8699999999999999
Chamakti Shaam Hai,"Alka Yagnik, Sonu Nigam",BollywoodDance,Yaadein,0.89
Sarsariya,"Shashaa Tirupati, Shashwat Singh",BollywoodRomantic,Mohenjo Daro,0.9199999999999999
Jag Soona Soona Lage,Unknown,BollywoodSad,Om Shanti Om,0.9400000000000001
Kandhon Se Milte Hain Kandhe,"Hariharan, Kunal Ganjawala, Roop Kumar Rathod, Shankar Mahadevan, Sonu Nigam, Vijay Prakash",BollywoodPatriotic,Lakshya,0.95
Deewangi Deewangi,"Rahul Saxena, Shaan, Shreya Ghoshal, Sunidhi Chauhan, Udit Narayan",BollywoodDance,Om Shanti Om,0.93
Tareefan Remix,Badshah,BollywoodDance,Veere Di Wedding,0.93
Samjhawan,"Arijit Singh, Shreya Ghoshal",BollywoodSad,Humpty Sharma Ki Dulhania,0.9400000000000001
Bam Lahiri,Kailash Kher,BollywoodDance,Shor in the City,0.93
Chicken Kuk Doo Koo,"Mohit Chauhan, Palak Muchhal",BollywoodDance,Bajrangi Bhaijaan,0.89
Dhating Naach,"Nakash Aziz, Neha Kakkar",BollywoodDance,Phata Poster Nikhla Hero,0.9199999999999999
Tu Itni Khoobsurat Hai,Rahat Fateh Ali Khan,BollywoodSad,Barkhaa,0.95
O Priya Priya,"Anuradha Paudwal, Shabbir Kumar",BollywoodSad,Dil,0.76
Manchala,"Nupur Pant, Shafqat Amanat Ali",BollywoodSad,Hasee Toh Phasee,0.96
Lukka Chuppi,"A.R. Rahman, Lata Mangeshkar",BollywoodSad,Rang De Basanti,0.97
Prem Leela,"Aaman Trikha, Vineet Singh",BollywoodDance,Prem Ratan Dhan Payo,0.8
Khuda Jaane,"K.K., Shilpa Rao",BollywoodRomantic,Bachna Ae Haseeno,0.9400000000000001
Premika,"Benny Dayal, Kanika Kapoor",BollywoodDance,Dilwale,0.95
Tera Mujhse Hai Pehle Ka Naata Koi,"Kishore Kumar, Sushma Shrestha",BollywoodRomantic,Aa Gale Lag Jaa,0.9199999999999999
Character Dheela,"Amrita Kak, Neeraj Shridhar",BollywoodDance,Ready,0.93
Munni Badnam Hui,"Aishwarya, Mamta Sharma",BollywoodDance,Dabangg,0.8800000000000001
Saadda Haq,Mohit Chauhan,BollywoodDance,Rockstar,0.9400000000000001
Rehnuma,"Inder Bawra, Shreya Ghoshal",BollywoodRomanticSad,Rocky Handsome,0.95
Ilahi,Arijit Singh,BollywoodDance,Yeh Jawaani Hai Deewani,0.95
Neendein Khul Jaati Hain,"Kanika Kapoor, Meet Bros, Mika Singh",BollywoodDance,Hate Story 3,0.9099999999999999
Phir Le Aya Dil,Shafqat Amanat Ali,BollywoodSad,Barfi,0.97
Main Yahaan Hoon,Udit Narayan,BollywoodDance,Veer Zaara,0.9400000000000001
Soni Soni,"Ishaan, Jaspinder Narula, Manohar Shetty, Pritha Majumdar, Shweta Pandit, Sonali Bhatawdekar, Udbhav, Udit Narayan",BollywoodDance,Mohabbatein,0.9099999999999999
Rocket Saiyyan,"Brijesh Shandilya, Ritu Pathak, Tanishk Baagchi",BollywoodDance,Shubh Mangal Saavdhan,0.89
Khol De Par,Arijit Singh,Bollywood,Hichki,0.93
Humko Humise Chura Lo,"Lata Mangeshkar, Udit Narayan",BollywoodRomantic,Mohabbatein,0.9099999999999999
Be Intehaan,"Atif Aslam, Sunidhi Chauhan",BollywoodRomantic,Race 2,0.9400000000000001
Subhanallah,"Shilpa Rao, Sreerama Chandra Mynampati",BollywoodRomantic,Yeh Jawaani Hai Deewani,0.95
Dholna,"Lata Mangeshkar, Udit Narayan",BollywoodRomantic,Dil To Pagal Hai,0.9099999999999999
Koi Ishaara,Armaan Malik,BollywoodRomanticSad,Force 2,0.96
Phir Bhi Dil Hai Hindustani,Udit Narayan,BollywoodDancePatriotic,Phir Bhi Dil Hai Hindustani,0.9
Kore Kore Sapne,"Anuradha Paudwal, Kumar Sanu",BollywoodDance,Sooryavansham,0.85
Hale Dil,Harshit Saxena,BollywoodRomantic,Murder 2,0.9199999999999999
Aaoge Jab Tum,Rashid Khan,BollywoodSad,Jab We Met,0.93
Tinku Jiya,"Javed Ali, Mamta Sharma",BollywoodDance,Yamla Pagla Deewana,0.9
Lakshya – Title Track,Shankar Mahadevan,BollywoodMotivationalPatriotic,Lakshya,0.96
Pretty Woman,"Ravi Khote, Shankar Mahadevan",BollywoodDance,Kal Ho Naa Ho,0.95
Silsila Ye Chaahat Ka,Shreya Ghoshal,BollywoodRomantic,Devdas,0.9400000000000001
Helicopter,"Neha Kakkar, Tony Kakkar",BollywoodDance,Ranchi Diaries,0.93
Kabhi Khushi Kabhie Gham,Lata Mangeshkar,BollywoodSad,Kabhi Khushi Kabhie Gham,0.9199999999999999
Chak Lein De,Kailash Kher,BollywoodMotivational,Chandni Chowk To China,0.93
Meri Aashiqui Ab Tum Hi Ho,"Arijit Singh, Palak Muchhal",BollywoodRomanticSad,Aashiqui 2,0.95
Tere Dware Pe Aai Baraat,"Ravindra Jain, Sudesh Bhosle",BollywoodDance,Vivah,0.8099999999999999
Badi Mushkil Hai,Abhijeet,BollywoodRomance,Anjaam,0.9199999999999999
Toh Dishoom,"Raftaar, Shahid Mallya",BollywoodDance,Dishoom,0.9400000000000001
Kudiye Ni Tere,"Shivangi Bhayana, Udit Narayan",BollywoodRomantic,Happy Phir Bhaag Jayegi,0.95
Hu Ba Hu,Amit Trivedi,BollywoodDance,Padman,0.9400000000000001
Kitna Pagal Dil Hai,Kumar Sanu,BollywoodRomantic,Andaaz,0.86
Sahiba Russ Gayiya,Rahat Fateh Ali Khan,BollywoodSad,Firangi,0.96
Mehfooz,Yasser Desai,BollywoodRomanticSad,Tera Intezaar,0.9199999999999999
Veerey Ki Wedding,Navraj Hans,BollywoodDance,Veerey Ki Wedding,0.9199999999999999
Ek Pal Ka Jeena,Lucky Ali,BollywoodDance,Kaho Naa.... Pyaar Hai,0.9199999999999999
Gori Tu Latth Maar,"Palak Muchhal, Sonu Nigam",BollywoodRomantic,Toilet Ek Prem Katha,0.9199999999999999
Jal Rahin Hain,Kailash Kher,Bollywood,Bahubali - The Beginning,0.89
Tum Jo Mile,Armaan Malik,BollywoodRomantic,Saansein,0.96
Saathiya Tune Kya Kiya,"K. S. Chithra, S.P. Balasubrahmanyam",BollywoodDance,Love,0.93
Humne Pee Rakhi Hai,"Ikka, Jaz Dhami, Neha Kakkar",BollywoodDance,Sanam Re,0.9
Bheegi Si Bhaagi Si,Mohit Chauhan,BollywoodRomance,Raajneeti,0.96
Chura Liya Hai,Mohammed Rafi,BollywoodRomantic,Yaadon Ki Barat,0.9
Right Now Now,"Sunidhi Chauhan, Suzanne D'Mello, Wajid",BollywoodDance,Housefull 2,0.9199999999999999
Crazy Kiya Re,Sunidhi Chauhan,BollywoodDance,Dhoom 2,0.93
Ziddi Dil,Vishal Dadlani,BollywoodMotivational,Mary Kom,0.9400000000000001
Abhi Abhi,K.K.,BollywoodRomanticSad,Jism 2,0.8699999999999999
Bahara,"Shreya Ghoshal, Sona Mohapatra",BollywoodRomantic,I Hate Luv Storys,0.96
Dekh Lena,"Arijit Singh, Tulsi Kumar",BollywoodRomantic,Tum Bin 2,0.93
Dheere Dheere Se Meri Zindagi Mein Aana,"Anuradha Paudwal, Kumar Sanu",Bollywood,Aashiqui,0.89
Tu Zaroori,"Sharib Sabri, Sunidhi Chauhan",BollywoodRomantic,ZiD,0.93
Afeemi,"Jigar Saraiya, Sanah Moidutty",BollywoodRomantic,Meri Pyaari Bindu,0.95
Salaam E Ishq,"Kunal Ganjawala, Sadhana Sargam, Shankar, Shreya Ghosal, Sonu Nigam",BollywoodDance,Salaam-E-Ishq,0.95
Naughty Billo,"Diljit Dosanjh, Nakash Aziz, Shilpi Paul",BollywoodDance,Phillauri,0.9
Behka,Vibha Saraf,BollywoodDance,High Jack,0.95
Pyar Ke Liye,Alka Yagnik,BollywoodRomantic,Dil Kya Kare,0.9199999999999999
Dil Na Diya,Kunal Ganjawala,BollywoodDance,Krrish,0.8800000000000001
Sukoon Mila,Arijit Singh,BollywoodRomantic,Mary Kom,0.96
Dil To Pagal Hai,"Lata Mangeshkar, Udit Narayan",BollywoodRomantic,Dil To Pagal Hai,0.8699999999999999
Do Anjaane Ajnabi,"Shreya Ghoshal, Udit Narayan",BollywoodRomantic,Vivah,0.8300000000000001
Tujh Mein Rab Dikhta Hai,Roop Kumar Rathod,BollywoodRomantic,Rab Ne Bana Di Jodi,0.93
Palki Mein Hoke Sawar Chali Re,Alka Yagnik,BollywoodDance,Khal Nayak,0.8400000000000001
Andekhi Anjaani,"Lata Mangeshkar, Udit Narayan",BollywoodRomantic,Mujhse Dosti Karoge!,0.9099999999999999
Dhinka Chika,"Amrita Kak, Mika Singh",BollywoodDance,Ready,0.8300000000000001
Main Agar,Atif Aslam,BollywoodRomantic,Tubelight,0.96
Kyon,"Papon, Sunidhi Chauhan",BollywoodRomantic,Barfi,0.96
Tera Mera Milna,"Himesh Reshammiya, Shreya Ghoshal",BollywoodSad,Aap Kaa Surroor,0.89
Daayre,Arijit Singh,BollywoodRomantic,Dilwale,0.95
Sahiba,"Pawni Pandey, Romy",BollywoodSad,Phillauri,0.95
Saajan Saajan,"Alka Yagnik, Kumar Sanu, Udit Narayan",BollywoodDanceRomantic,Dil Ka Rishta,0.8800000000000001
Aisa Des Hai Mera,"Gurdas Maan, Lata Mangeshkar, Preetha Mazumdar, Udit Narayan",BollywoodPatriotic,Veer Zaara,0.9
Lost Without You,"Ami Mishra, Anushka Shahaney",BollywoodSad,Half Girlfriend,0.96
Dhal Jaun Main,"Aakanksha Sharma, Jubin Nautiyal",BollywoodRomanticSad,Rustom,0.96
Badass Babuaa,"Abhishek Nailwal, Neha Bhasin, Sameer Uddin",BollywoodDance,Bareilly Ki Barfi,0.96
Aaj Kehna Zaroori Hai,"Alka Yagnik, Udit Narayan",BollywoodRomantic,Andaaz,0.8699999999999999
Ye Toh Sach Hai Ke Bhagwan,Hariharan,BollywoodDance,Hum Saath-Saath Hain,0.85
Dastaan-e-Om Shanti Om,Shaan,BollywoodDance,Om Shanti Om,0.95
Saanson Ke,K.K.,BollywoodSad,Raees,0.96
O Jiji,"Pamela Jain, Shreya Ghoshal",BollywoodDance,Vivah,0.82
Hug Me,"Kanika Kapoor, Raghav Sachar",BollywoodDance,Beiimaan Love,0.9099999999999999
Halkat Jawani,Sunidhi Chauhan,BollywoodDance,Heroine,0.93
Ek Dil Hai,"Alka Yagnik, Kumar Sanu",BollywoodRomantic,Ek Rishtaa,0.86
Black Jama Hai,Sukhwinder Singh,Bollywood,Raid,0.93
Confused Lover,"Aaniya, Mika Singh",BollywoodDance,Teri Bhabhi Hai Pagle,0.95
Tumse Milne Ki Tamanna Hai,S.P. Balasubrahmanyam,BollywoodDance,Saajan,0.9099999999999999
Afsana,"Himesh Reshammiya, Tulsi Kumar",BollywoodDance,Dil Diya Hai,0.9199999999999999
Naina,"Armaan Malik, Sona Mohapatra",BollywoodRomanticSad,Khoobsurat,0.96
Naina,"Armaan Malik, Sona Mohapatra",BollywoodSad,Khoobsurat,0.96
Dil Mein Dard Sa Jaga Hai,"Alka Yagnik, Udit Narayan",BollywoodDance,Kranti,0.8800000000000001
Anarkali Disco Chali,"Mamta Sharma, Sukhwinder Singh",BollywoodDance,Housefull 2,0.8800000000000001
Jab Dil Miley,"Asha Bhosle, Udit Narayan",BollywoodDance,Yaadein,0.9099999999999999
Humko Humise Chura Lo,"Lata Mangeshkar, Udit Narayan",BollywoodRomantic,Mohabbatein,0.9
Make Some Noise For The Desi Boyz,"Bob, K.K.",BollywoodDance,Desi Boyz,0.93
Aga Bhai,Monali Thakur,BollywoodDance,Aiyyaa,0.9099999999999999
Sehmi Hai Dhadkan,Atif Aslam,BollywoodSad,Daas Dev,0.97
Jawaani Le Doobi,"Kanika Kapoor, Uvie",BollywoodDance,Kyaa Kool Hain Hum 3,0.9
Humko Tumse Pyar Hai,Abhijeet,BollywoodDance,Ishq,0.9099999999999999
Sadda Move,"Diljit Dosanjh, Pardeep Singh Sran",BollywoodDance,Raabta,0.9199999999999999
Soniyo,"Neeraj Shridhar, Raju Singh, Shreya Ghoshal, Sonu Nigam",BollywoodRomantic,Raaz,0.96
Kaun Nachdi,"Guru Randhawa, Neeti Mohan",BollywoodDance,Sonu Ke Titu Ki Sweety,0.9400000000000001
Dhoom Machale,Sunidhi Chauhan,BollywoodDanceRomantic,Dhoom,0.9
Door Na Ja,Sonu Nigam,BollywoodSad,Mitron,0.97
Ishq Shava,"Raghav Mathur, Shilpa Rao",BollywoodDance,Jab Tak Hai Jaan,0.9400000000000001
Boss Title Track,"Anjjan, Meet Bros, Yo Yo Honey Singh",BollywoodDance,Boss,0.93
Tum Ko Dekha To Yeh Khayal Aya,"Chitra Singh, Jagjit Singh",BollywoodRomantic,Saath Saath,0.9199999999999999
Jaane Nahi Denge Tujhe,Sonu Nigam,BollywoodSad,3 Idiots,0.9099999999999999
Tadap Tadap,"Dominique, K.K.",BollywoodSad,Hum Dil De Chuke Sanam,0.89
Senti Wali Mental,"Amit Trivedi, Arijit Singh, Neeti Mohan, Swanand Kirkire",BollywoodDance,Shaandaar,0.93
Sapna Jahan,"Neeti Mohan, Sonu Nigam",BollywoodSad,Brothers,0.97
Urvashi Urvashi,"A.R. Rahman, Noel James, Shankar Mahadevan",BollywoodDance,Hum Se Hai Muqabala,0.9400000000000001
Tere Bina,"Arijit Singh, Priya Saraiya",BollywoodRomantic,Haseena Parkar,0.89
Hoor,Atif Aslam,BollywoodSad,Hindi Medium,0.93
Chhoti Chhoti Raatein,"Anuradha Paudwal, Sonu Nigam",BollywoodDanceRomantic,Tum Bin,0.8800000000000001
Sanson Ki Zarurat Hai Jaise,Kumar Sanu,BollywoodRomantic,Aashiqui,0.9
Zoobi Doobi,"Shreya Ghoshal, Sonu Nigam",BollywoodDanceRomantic,3 Idiots,0.9099999999999999
Mannat,"Keerthi Sagathia, Shreya Ghoshal, Sonu Nigam",BollywoodDance,Daawat e Ishq,0.93
Intezaar,Shreya Ghoshal,BollywoodSad,Tera Intezaar,0.9199999999999999
Agar Tu Hota,Ankit Tiwari,BollywoodSad,Baaghi,0.95
Hai Dil,"Alka Yagnik, Kumar Sanu",BollywoodRomantic,Dil Ka Rishta,0.8800000000000001
Pardesiya,"Ehsaan Noorani, Hemant Brijwasi, Sahil Akhtar, Shankar Mahadevan, Shehnaz Akhtar",BollywoodSad,Soorma,0.97
Ishtehaar,"Dhvani Bhanushali, Rahat Fateh Ali Khan",BollywoodSad,Welcome To New York,0.9400000000000001
Twist,Neeraj Shridhar,BollywoodDance,Love Aj Kal,0.9199999999999999
You’re My Life,"Earl, Shaan, Shweta Pandit, Suzanne D'Mello",BollywoodDanceRomantic,Partner,0.9
Mat Maari,"Kunal Ganjawala, Sunidhi Chauhan",BollywoodDance,R... Rajkumar,0.89
Mujhse Juda Hokar,"Lata Mangeshkar, S.P. Balasubrahmanyam",BollywoodSad,Hum Aapke Hain Koun,0.86
Second Hand Jawaani,"Miss Pooja, Nakkash Aziz, Neha Kakkar",BollywoodDance,Cocktail,0.9099999999999999
Naina Re,"Himesh Reshammiya, Rahat Fateh Ali Khan, Shreya Ghoshal",BollywoodSad,Dangerous Ishq,0.9
Tere Naina,"Shafqat Amanat Ali, Shankar Ehsaan Loy",BollywoodRomantic,My Name is Khan,0.96
Haathon Mein Thhe Haath,"Aditi Singh Sharma, Altamash Faridi, Arpita Mukherjee, Papon",BollywoodSad,Mubarakan,0.9400000000000001
Gajanana,"Shreyas Puranik, Sukhwinder Singh",BollywoodDevotional,Bajirao Mastani,0.93
Tum Mile,Neeraj Shridhar,BollywoodRomantic,Tum Mile,0.95
Meri Khamoshi Hai,Ishan Mitra,BollywoodSad,Pari,0.96
Oh My Darling,"Alisha Chinai, Sonu Nigam",BollywoodDance,Mujhse Dosti Karoge!,0.9099999999999999
Nainon Men Sapna,"Kishore Kumar, Lata Mangeshkar",BollywoodDance,Himmatwala,0.73
Tu Jo Hain,Ankit Tiwari,BollywoodRomanticSad,Mr. X,0.95
Dheere Dheere Bol Koi Sun Na Le,"Lata Mangeshkar, Mukesh",BollywoodRomantic,Gora Aur Kala,0.82
Mohenjo Daro,"A.R. Rahman, Arijit Singh, Bela Shende, Sanah Moidutty",BollywoodDance,Mohenjo Daro,0.9
Jai Jai Shiv Shankar,"Kishore Kumar, Lata Mangeshkar",BollywoodDance,Aap Ki Kasam,0.8400000000000001
Ladki Kyon Na Jane Kyon,"Alka Yagnik, Shaan",BollywoodDance,Hum Tum,0.9400000000000001
Drama Queen,"Shreya Ghoshal, Vishal Dadlani",BollywoodDance,Hasee Toh Phasee,0.95
Khaike Paan Banaras Wala,Kishore Kumar,BollywoodDance,Don,0.85
Tu Hi Haqeeqat,"Irshan Ashraf, Javed Ali, Shadaab Faridi",BollywoodRomantic,Tum Mile,0.95
Tune Maari Entriyaan (Bangla Version),"Bappi Lahiri, Monali Thakur",BollywoodDance,Gunday,0.8800000000000001
Gudgudi,Sunidhi Chauhan,Bollywood,Secret Superstar,0.93
Yeh Kaisi Jagah,"Deepali Sathe, Zubeen Garg",BollywoodSad,Hamari Adhuri Kahani,0.95
Bass Gira De Raja,Shashwat Sachdev,Bollywood,Veere Di Wedding,0.8099999999999999
Wada Karle Sajna Tere Bina,"Lata Mangeshkar, Mohammed Rafi",BollywoodRomantic,Haath Ki Safai,0.8699999999999999
Jhalla Wallah,Shreya Ghoshal,BollywoodDance,Ishaqzaade,0.9099999999999999
Hamesha Tumko Chaha,"Kavita Krishnamurthy, Udit Narayan",BollywoodSad,Devdas,0.9199999999999999
Mujhko Barsaat Bana Lo,Armaan Malik,BollywoodRomantic,Junooniyat,0.93
Aaya Tere Dar Par,"Ahmed Hussain, Javed Hussain, Mohd Vakil, Mohd. Hussain",BollywoodDevotional,Veer Zaara,0.93
Ho Nahi Sakta,Udit Narayan,BollywoodRomantic,Diljale,0.8699999999999999
Saale Sapne,Mohit Chauhan,Bollywood,Padman,0.95
Kaun Tujhe,Armaan Malik,BollywoodRomantic,M.S. Dhoni-The Untold Story,0.96
Tere Liye,"Atif Aslam, Shreya Ghoshal",BollywoodDance,Prince,0.9099999999999999
Tu Isaq Mera,"Meet Bros, Neha Kakkar",BollywoodRomanticSensual,Hate Story 3,0.9
Shaam Shaandaar,Amit Trivedi,BollywoodDance,Shaandaar,0.93
Banjaara,Sukhwinder Singh,BollywoodDanceRomantic,Ek Tha Tiger,0.9099999999999999
Akkha India Janta Hai,Kumar Sanu,BollywoodRomantic,Jaan Tere Naam,0.82
Tharki Chokro,Swaroop Khan,BollywoodDance,PK,0.86
Phir Se,"Nikhil Dsouza, Shreya Ghoshal",Bollywood,Phir Se,0.95
Gale Lag Ja,"Banjyotsna, Javed Ali",BollywoodDanceSensual,De Dana Dan,0.9400000000000001
Aadat (Juda Hoke Bhi),Atif Aslam,BollywoodSad,Kalyug,0.93
Jane Kaise Kab Kahan Iqrar Ho Gaya,"Kishore Kumar, Lata Mangeshkar",BollywoodRomantic,Shakti,0.89
Agar Tum Mil Jao,Shreya Ghoshal,BollywoodRomantic,Zeher,0.89
Kaara Fankaara,"A.R. Rahman, Aaryan Dinesh Kanagaratnam, Ashima Mahajan, Hard Kaur, Kaly, Paroma Dasgupta, Shashaa Tirupati",BollywoodDance,Ok Jaanu,0.93
Chokra Jawaan,"Sunidhi Chauhan, Vishal Dadlani",BollywoodDance,Ishaqzaade,0.9099999999999999
Didi Tera Devar Deewana,"Lata Mangeshkar, S.P. Balasubrahmanyam",BollywoodDance,Hum Aapke Hain Koun,0.79
Saiyan Re,"Mohammed Irfan, Palak Muchhal",BollywoodRomantic,Nirdosh,0.97
Pal Pal Dil Ke Paas,Kishore Kumar,BollywoodRomantic,Blackmail,0.8800000000000001
Rail Gaddi,"Navraj Hans, Swati Sharrma",BollywoodDance,Tutak Tutak Tutiya,0.9099999999999999
Ek Din Bik Jayega Mati Ke Mol,Mukesh,BollywoodDance,Dharam Karam,0.9099999999999999
Main Koi Aisa Geet,Abhijeet,BollywoodDance,Yes Boss,0.9400000000000001
Yeh Ishq Hai,Shreya Ghoshal,BollywoodDance,Jab We Met,0.9400000000000001
Alizeh,"Alizeh Ash King, Arijit Singh, Shashwat Singh",BollywoodRomantic,Ae Dil Hai Mushkil,0.97
Kaho Na Kaho,Amir Jamal,BollywoodRomanticSensual,Murder,0.9099999999999999
Imli Ka Boota,"Mohammad Aziz, Sudesh Bhonsle",Bollywood,Saudagar,0.8400000000000001
Hey Shona,"Shaan, Sunidhi Chauhan",BollywoodDanceRomantic,Tara Rum Pum,0.93
Chalte Chalte,"Manohar Shetty, Preetha Mazumdar, Sonali Bhatawdekar, Udbhav",BollywoodDance,Mohabbatein,0.9199999999999999
Iktara,"Amit Trivedi, Amitabh Bhattacharya, Kavita Seth",BollywoodRomantic,Wake Up Sid,0.96
Aap Ki Nazron Ne Samjha,Lata Mangeshkar,BollywoodRomantic,Anpadh,0.9199999999999999
Tu Chahiye,Atif Aslam,BollywoodRomantic,Bajrangi Bhaijaan,0.93
Ole Ole,Abhijeet,BollywoodDance,Ye Dillagi,0.9099999999999999
Tutak Tutak Tutiya,"Kanika Kapoor, Malkit Singh, Sonu Sood",BollywoodDance,Tutak Tutak Tutiya,0.89
Meri Duniya Tu Hi Re,"Shaan, Shankar Mahadevan, Sonu Nigam",BollywoodDance,Heyy Babyy,0.9
Mujhko Yaad Sataye Teri,Himesh Reshammiya,BollywoodDance,Phir Hera Pheri,0.9199999999999999
Jane Kahan Gaye Woh Din,Mukesh,BollywoodSad,Mera Naam Joker,0.8800000000000001
Nonsense Ki Night,Mika Singh,BollywoodDance,Happy New Year,0.9199999999999999
Daaru Desi,"Benny Dayal, Shalmali Kholgade",BollywoodDance,Cocktail,0.9400000000000001
Fugly Fugly Kya Hai,Yo Yo Honey Singh,BollywoodDance,Fugly,0.9400000000000001
Buddhu Sa Mann,"Amaal Mallik, Armaan Malik",BollywoodDance,Kapoor & Sons,0.9400000000000001
Jiska Mujhe Tha Intezar,"Kishore Kumar, Lata Mangeshkar",BollywoodRomantic,Don,0.82
Raat Ka Nasha,K. S. Chithra,BollywoodDance,Asoka,0.93
Zara Zara Touch Me,Monali Thakur,BollywoodDanceSensual,Race,0.93
Wada Karo Nahi Chodoge,"Kishore Kumar, Lata Mangeshkar",BollywoodRomantic,Aa Gale Lag Jaa,0.9099999999999999
Sajde,"Arijit Singh, Gulzar, Nihira Joshi Deshpande",BollywoodRomantic,Kill Dil,0.9400000000000001
Khair Mangda,Atif Aslam,BollywoodSad,A Flying Jatt,0.93
Tere Naal Ishqa,Kailash Kher,BollywoodSad,Shivaay,0.9400000000000001
Na Na Na Re,"Daler Mehndi, Sudesh Bhonsle",BollywoodDance,Mrityudaata,0.8800000000000001
Tum Aa Gaye Ho Noor Aa Gaya Hai,"Kishore Kumar, Lata Mangeshkar",BollywoodRomantic,Aandhi,0.9
Mujeh Naulakha Mangade,"Bappi Lahiri, Kishore Kumar",BollywoodDance,Sharaabi,0.76
Ainvayi Ainvayi,"Salim Merchant, Sunidhi Chauhan",BollywoodDance,Band Baaja Baaraat,0.93
Awaaz Deke,"Lata Mangeshkar, Mohammed Rafi",BollywoodRomantic,Professor,0.8300000000000001
Tum Tak,"A.R. Rahman, A.V. Pooja, Javed Ali, Kirti Sagathia",BollywoodDanceRomantic,Raanjhanaa,0.9400000000000001
Chitta Ve,"Babu Haabi, Bhanu Pratap, Shahid Mallya",BollywoodDance,Udta Punjab,0.89
Get Up Jawani,"Badshah, Yo Yo Honey Singh",BollywoodDance,International Villager,0.9400000000000001
Ji Huzoori,"Deepali, Mithoon",BollywoodRomantic,Ki & Ka,0.93
Dhingana,Mikha Singh,BollywoodDance,Raees,0.93
Sapna,Arijit Singh,BollywoodSad,Parmanu The Story of Pokhran,0.97
Bandeyaa,Jubin Nautiyal,BollywoodSad,Jazbaa,0.95
Maula Mere Lele Meri Jaan,"Krishna Beura, Salim Merchant",BollywoodDevotionalSad,Chak De India,0.96
Rang De Basanti,"Daler Mehndi, K. S. Chithra",BollywoodDancePatriotic,Rang De Basanti,0.9400000000000001
Kundali,"Anita Gandharva, Meenal Jain, Meghna Mishra, Rani Kaur, Vaishnavi Mishra, Yashika Sikka, Yashita Sharma",BollywoodDance,Manmarziyaan,0.9199999999999999
Shuru Kar,"Amit Mishra, Neha Bhasin, Rochak Kohli",BollywoodDance,Aiyaary,0.93
Je T’aime,"Sunidhi Chauhan, Vishal Dadlani",Bollywood,Befikre,0.95
Tooh,"Mamta Sharma, Mika Singh, Shekhar, Vishal",BollywoodDance,Gori Tere Pyaar Mein,0.93
Main Tera Dhadkan Teri,"Hard Kaur, K.K., Sunidhi Chauhan",BollywoodDance,Ajab Prem Ki Ghazab Kahani,0.95
Le Gayi,Asha Bhosle,BollywoodDance,Dil Toh Pagal Hai,0.93
Le Gayi,Asha Bhosle,BollywoodDance,Dil To Pagal Hai,0.93
Aankhein Khuli,"Ishaan, Lata Mangeshkar, Manohar Shetty, Shweta Pandit, Sonali Bhatawdekar, Udbhav, Udit Narayan",BollywoodDance,Mohabbatein,0.9199999999999999
Rang Barse,Amitabh Bachchan,BollywoodDance,Silsila,0.82
Gawah Hai Chand Tare,"Alka Yagnik, Kumar Sanu",BollywoodRomantic,Damini,0.85
Aisa Kyun Maa,Sunidhi Chauhan,BollywoodSad,Neerja,0.97
Tu Hi Re,Hariharan,BollywoodRomantic,Unknown,0.9400000000000001
Mera Mann Kehne Laga,Falak Shabir,BollywoodDance,Nautanki Saala,0.96
Shut Up & Bounce,"Sunidhi Chauhan, Vishal Dadlani",BollywoodRomantic,Dostana,0.9199999999999999
One Two Three Four,"Hamsika Iyer, Vishal Dadlani",BollywoodDance,Chennai Express,0.93
Haseeno Ko Aate Hain,"Alka Yagnik, Udit Narayan",BollywoodDance,Lahoo Ke Do Rang,0.8300000000000001
Kasam Khake Kaho,"Alka Yagnik, Kumar Sanu",BollywoodRomantic,Dil Hai Tumhaara,0.86
Dil Ka Rishta,"Alka Yagnik, Kumar Sanu, Udit Narayan",BollywoodRomantic,Dil Ka Rishta,0.9
Sajdaa,"Rahat Fateh Ali Khan, Richa Sharma, Shankar Mahadevan",BollywoodRomantic,My Name is Khan,0.96
Mujhe Tumse Mohabbat Hai,"Shaan, Shreya Ghoshal",BollywoodDanceRomantic,Tumsa Nahin Dekha,0.8699999999999999
Tujhe Dekha To,"Kumar Sanu, Lata Mangeshkar",BollywoodRomantic,Dilwale Dulhania Le Jayenge,0.9099999999999999
Watan Wallon Watan Na,"Alka Yagnik, Shaan",BollywoodPatriotic,Indian,0.9099999999999999
Zara Si Dosti,Arijit Singh,Bollywood,Happy Bhaag Jayegi,0.96
Pani Da Rang,Ayushman Khurana,BollywoodRomance,Vicky Donor,0.95
De De Jagah,Yasser Desai,Bollywood,Parmanu The Story of Pokhran,0.9400000000000001
Tum Itna Jo Muskura Rahe Ho,Jagjit Singh,BollywoodRomantic,Arth,0.9199999999999999
Ham The Jinke Sahare,Lata Mangeshkar,BollywoodSad,Safar,0.8800000000000001
Titli,"Chinmayi Sripaada, Gopi Sunder",BollywoodRomantic,Chennai Express,0.95
Laung Da Lashkara,"Hard Kaur, Mahalakshmi Iyer",BollywoodDance,Patiala House,0.9400000000000001
Maa Ka Phone,Priya Panchal,BollywoodDance,Khoobsurat,0.9
Zindagi Ka Safar,Kishore Kumar,BollywoodSad,Safar,0.9099999999999999
O Saathiya,"Arko, Armaan Malik, Prakriti Kakkar",BollywoodRomantic,Sweetiee Weds NRI,0.9400000000000001
Kasam Ki Kasam,"K. S. Chithra, Shaan",BollywoodRomanticSad,Main Prem Ki Diwani Hoon,0.9199999999999999
Gun Gun Guna,"Sunidhi Chauhan, Udit Narayan",BollywoodDance,Agneepath,0.9400000000000001
Jeeta Hoon Jiske Liye,"Alka Yagnik, Kumar Sanu",BollywoodRomantic,Dilwale,0.78
Aye Khuda (Duet),"Rahat Fateh Ali Khan, Shreya Ghoshal",BollywoodSad,Rocky Handsome,0.95
Dreamum Wakeupum,Soumya Rai,BollywoodDance,Aiyyaa,0.9099999999999999
Balma Tum Balma Ho Mere Khali,Kavita Krishnamurthy,BollywoodDance,Nagina,0.74
Ishq Bina,"A.R. Rahman, Anuradha Sriram, Sonu Nigam, Sujatha Mohan",BollywoodRomantic,Taal,0.9199999999999999
Ab Tere Bin,Kumar Sanu,BollywoodSad,Aashiqui,0.9
Ankhiyaan,Kanika Kapoor,BollywoodSad,Do Lafzon Ki Kahani,0.93
Teri Yaad,Ghulam Ali,BollywoodSad,Bewafaa,0.86
Jalwa,"Earl, Wajid",BollywoodDance,Wanted,0.89
Judaai,Falak Shabir,BollywoodSad,I Love New Year,0.95
Aayat,"Altamash Faridi, Arijit Singh, Farhan Sabri, Mujtaba Aziz Naza, Shadab",BollywoodSad,Bajirao Mastani,0.95
Dil Dooba,"Shreya Ghoshal, Sonu Nigam",BollywoodDance,Khakee,0.96
Pyaar Deewana Hota Hai,Kishore Kumar,BollywoodRomantic,Kati Patang,0.9099999999999999
Nazrein Mili Dil Dhadka,"Alka Yagnik, Udit Narayan",BollywoodDance,Raja,0.9099999999999999
Po Po,"Aaman Trikha, Himesh Reshammiya, Vikas Bhalla",BollywoodDance,Son of Sardaar,0.77
Son Of Sardaar,"Aaman Trikha, Himesh Reshammiya",BollywoodDance,Son of Sardaar,0.77
Roobaroo,"A.R. Rahman, Naresh Iyer",BollywoodDance,Rang De Basanti,0.97
Khush Rahe Tu Sada,Mohammed Rafi,BollywoodSad,Khilona,0.8300000000000001
Chaar Kadam,"Shaan, Shreya Ghoshal",BollywoodRomantic,PK,0.9099999999999999
Are Re Are,"Lata Mangeshkar, Udit Narayan",BollywoodDance,Dil To Pagal Hai,0.9199999999999999
Shiddat,Armaan Malik,BollywoodSad,Sweetiee Weds NRI,0.9400000000000001
Dil Kehta Hai,"Alka Yagnik, Kumar Sanu",BollywoodSad,Akele Hum Akele Tum,0.93
Dilnashin Dilnashin,K.K.,BollywoodDance,Aashiq Banaya Aapne,0.9
Sawaar Loon,Monali Thakur,BollywoodDance,Lootera,0.9199999999999999
Zehnaseeb,"Chinmayi Sripaada, Shekhar Ravjiani",BollywoodDance,Hasee Toh Phasee,0.96
"Joote Do, Paise Lo","Lata Mangeshkar, S.P. Balasubrahmanyam",BollywoodDance,Hum Apke Hain Koun,0.77
Dekha Ek Khwab,"Kishore Kumar, Lata Mangeshkar",BollywoodRomantic,Silsila,0.86
Maa,Shankar Mahadevan,BollywoodSad,Taare Zameen Par,0.96
Jogi Mahi,"Himani Kapoor, Shekhar Ravjiani, Sukhwinder Singh",BollywoodDance,Bachna Ae Haseeno,0.9400000000000001
Mat Ja Re,Ankit Tiwari,BollywoodDance,Tanu Weds Manu,0.93
Ooh La La,"Bappi Lahiri, Shreya Ghoshal",BollywoodDance,The Dirty Picture,0.8800000000000001
Bhangda Pa,"Asees Kaur, Divya Kumar, Vishal Dadlani",BollywoodDance,A Flying Jatt,0.9
Jhoka Hawa Ka Aaj Bhi,"Hariharan, Kavita Krishnamurthy",BollywoodSad,Hum Dil De Chuke Sanam,0.9099999999999999
Dhol Baaje,"Anjjan, Meet Bros, Monali Thakur",BollywoodDance,Ek Paheli Leela,0.9
Aaj Hai Sagaai,"Abhijeet, Alka Yagnik",BollywoodDance,Pyaar To Hona Hi Tha,0.82
Galat Baat Hai,"Javed Ali, Neeti Mohan",BollywoodDanceRomantic,Main Tera Hero,0.8800000000000001
Yeh Ladka Hai Deewana,"Alka Yagnik, Udit Narayan",BollywoodDance,Kuch Kuch Hota Hai,0.95
Des Rangila,Mahalaxmi Iyer,BollywoodDancePatriotic,Fanaa,0.8800000000000001
Roshni Se,"Abhijeet, Alka Yagnik",BollywoodRomantic,Asoka,0.9400000000000001
I Love You,"Ash King, Clinton Cerejo",BollywoodRomantic,Bodyguard,0.9400000000000001
Ishq Wala Love,"Neeti Mohan, Salim Merchant",Bollywood,Student of the Year,0.93
O Janiya,Neha Kakkar,BollywoodDance,Force 2,0.9199999999999999
Musafir,K.K.,Bollywood,Shab,0.9199999999999999
Mehndi Laga Ke Rakhna,"Lata Mangeshkar, Udit Narayan",BollywoodDance,Dilwale Dulhania Le Jayenge,0.9199999999999999
Gori Gori,"Anu Malik, K.K., Shreya Ghoshal, Sunidhi Chauhan",BollywoodDance,Main Hoon Na,0.9400000000000001
Gori Gori Gori Gori,"Anu Malik, Shreya Ghosal, Sunidhi Chauhan",BollywoodRomantic,Main Hoon Na,0.9400000000000001
Bakhuda Tumhi Ho,"Alka Yagnik, Atif Aslam",BollywoodRomantic,Kismat Konnection,0.96
Ishq Hai Ishq Hai,Jayshree Shivram,BollywoodSad,Ishq,0.86
Mere Nishaan,"Anjjan, Kailash Kher, Meet Bros",Bollywood,Oh My God,0.96
Prem Mein Tohre,Asha Bhosle,BollywoodRomantic,Begum Jaan,0.9199999999999999
Halo Re,Aaman Trikha,BollywoodDance,Prem Ratan Dhan Payo,0.85
Jogiya,"Anuradha Paudwal, Sukhwinder Singh",BollywoodSad,Deewane,0.8400000000000001
Aila Re Aila,Daler Mehndi,BollywoodDance,Khatta Meetha,0.93
Hum Saath-Saath Hain,"Alka Yagnik, Anuradha Paudwal, Hariharan, Kavita Krishnamurthy, Kumar Sanu, Udit Narayan",BollywoodDance,Hum Saath-Saath Hain,0.75
Enu Naam Che Raees,Tarannum Mallik,BollywoodDance,Raees,0.9400000000000001
Woh Pehli Baar,Shaan,BollywoodRomantic,Pyaar Mein Kabhi Kabhi,0.95
Piya Aaye Na,"K.K., Tulsi Kumar",BollywoodSad,Aashiqui 2,0.93
Aaj Hai Sagai,"Abhijeet, Alka Yagnik",BollywoodDance,Pyar Toh Hona Hi Tha,0.82
Rajj Rajj Ke,"Sonakshi Sinha, Vishal Dadlani",BollywoodMotivational,Akira,0.89
Daawat e Ishq,"Javed Ali, Sunidhi Chauhan",BollywoodDance,Daawat e Ishq,0.9400000000000001
Tera Mera Pyar Amar,Lata Mangeshkar,BollywoodRomantic,Asli Naqli,0.9
Chookar Mere Man Ko,Kishore Kumar,BollywoodRomantic,Yaarana,0.93
Love Is A Waste Of Time,"Shreya Ghoshal, Sonu Nigam",BollywoodDance,PK,0.8800000000000001
Zindagi To Bewafa Hai,Mohammed Rafi,BollywoodSad,Muqaddar Ka Sikandar,0.8300000000000001
Jo Tumko Ho Pasand Wohi Baat Karenge,Mukesh,BollywoodRomantic,Safar,0.86
Bebo,Alisha Chinai,BollywoodDance,Kambakkht Ishq,0.9
Tum Bin,K. S. Chithra,BollywoodRomantic,Tum Bin,0.9
Chot Lage Tujhko – Sad,"Alka Yagnik, Udit Narayan",BollywoodSad,Raja,0.8400000000000001
Tujhe Sochta Hoon,K.K.,BollywoodRomanticSensual,Jannat 2,0.96
Apni To Jaise Taise,Kishore Kumar,BollywoodDance,Laawaris,0.8400000000000001
Mast Kalandar,"Master Saleem, Rehan Khan, Sajid Khan",BollywoodDance,Heyy Baby,0.95
Dhoom 3 Mashup,Unknown,BollywoodDance,Dhoom 3,0.8099999999999999
It’s Magic,Taz,BollywoodDance,Koi Mil Gaya,0.8800000000000001
Nikamma,Rahat Fateh Ali Khan,Bollywood,3 Dev,0.9400000000000001
Jigar Da Tukda,"Salim Merchant, Shraddha Pandit",BollywoodDance,Ladies Vs Ricky Bahl,0.93
It’s the Time to Disco,"K.K., Loy Mendonsa, Shaan, Vasundhara Das",BollywoodDance,Kal Ho Naa Ho,0.9400000000000001
Maar Daala,Kavita Krishnamurthy,BollywoodDance,Devdas,0.9199999999999999
Tumhe Apna Banane Ka,"Armaan Malik, Neeti Mohan",BollywoodRomantic,Hate Story 3,0.89
Ho Gaya Hai Tujhko To Pyar Sajna,"Lata Mangeshkar, Udit Narayan",BollywoodRomantic,Dilwale Dulhania Le Jayenge,0.9199999999999999
Suno Aisha,"Amit Trivedi, Ash King, Nakash Aziz",BollywoodDance,Aisha,0.9400000000000001
Jee Ve Sohaneya,Nooran Sisters,BollywoodSad,Jab Harry Met Sejal,0.96
Hai Junoon,K.K.,BollywoodDance,New York,0.93
Kuch To Hai,Armaan Malik,BollywoodSad,Do Lafzon Ki Kahani,0.96
Ban Dance Mein Kutta,"Divya Kumar, Shivi, Uvie",BollywoodDance,3 Dev,0.82
Bakheda,"Sukhwinder Singh, Sunidhi Chauhan",Bollywood,Toilet Ek Prem Katha,0.9099999999999999
Bhooli Bisri Ek Kahani,Anuradha Paudwal,BollywoodSad,Nagina,0.82
Milan Abhi Aadha Adhura,"Shreya Ghoshal, Udit Narayan",BollywoodRomantic,Vivah,0.85
Ishqyaun Dhishyaun,Aditya Narayan,BollywoodRomantic,Goliyon Ki Rasleela Ram-leela,0.93
Saat Ajube Iss Duniya Mein,"Mohammed Rafi, Mukesh",Bollywood,Dharam Veer,0.85
Maahi Ve,"Richa Sharma, Sukhwinder Singh",BollywoodDanceSad,Kaante,0.9199999999999999
Rangdaari,"Arko, Navraj Hans",BollywoodSad,Daas Dev,0.9400000000000001
Ye Tune Kya Kiya,Javed Bashir,BollywoodRomantic,Once Upon A Time In Mumbaai Dobara,0.95
Chak De India,"Marianne D'Cruz, Salim Merchant, Sukhwinder Singh",BollywoodDanceMotivationalPatriotic,Chak De India,0.93
Saanwali Si Ek Ladki,Udit Narayan,BollywoodRomantic,Mujhse Dosti Karoge!,0.9199999999999999
Dil Se Nikal Kar Dil Ko Gayee Hain,"Anuradha Paudwal, Suresh Wadkar",BollywoodDance,Nigahen,0.76
Dhak Dhak Karne Laga,"Anuradha Paudwal, Udit Narayan",BollywoodRomantic,Beta,0.8699999999999999
Kabhi Jo Badal Barse,Arijit Singh,BollywoodRomantic,Jackpot,0.9099999999999999
Bhar Do Jholi Meri,Adnan Sami,BollywoodDevotional,Bajrangi Bhaijaan,0.9199999999999999
Give Me Some Sunshine,"Sharman Joshi, Suraj Jagan",BollywoodSad,3 Idiots,0.96
Dil Leke,"Shaan, Shreya Ghoshal",BollywoodDanceRomantic,Wanted,0.9199999999999999
Yeh Mera Diwanapan Hai,Mukesh,BollywoodSad,Yahudi,0.9199999999999999
O Jaana,"Alka Yagnik, K.K., Kamaal khan, Udit Narayan",BollywoodDanceRomantic,Tere Naam,0.89
Love Mashup 2016 (Kiran Kamath),Multiple,BollywoodRomantic,Single,0.96
Bhoot Aaya,Mika Singh,Bollywood,Nanu Ki Jaanu,0.77
Abhagi Piya Ki,"Ahmed Hussain, Kanika Kapoor, Mohammed. Hussain, Raja Hasan",BollywoodSad,Tera Intezaar,0.93
Rang Laal,"Aditi Singh Sharma, Dev Negi, John Abraham",BollywoodDance,Force 2,0.9400000000000001
Bas Tu Hai,"Arijit Singh, Jonita Gandhi",BollywoodRomanticSad,3 Storeys,0.9199999999999999
Tanhaiyaan,Amit Mishra,BollywoodSad,Aksar 2,0.86
Jaane Kyun,Vishal Dadlani,BollywoodDance,Dostana,0.95
Dagabaaz Re,"Rahat Fateh Ali Khan, Shreya Ghoshal",BollywoodRomantic,Dabangg 2,0.8800000000000001
Jane Kyun,"Alka Yagnik, Udit Narayan",BollywoodRomantic,Dil Chahta Hai,0.95
Khuli Falak Mein,Mohammed Rafi,BollywoodRomantic,Professor,0.8300000000000001
Sajna Mein Teri Tu Mera,"Anuradha Paudwal, Vipin Sachdeva",BollywoodRomantic,Beta,0.8800000000000001
Zindagi Do Pal Ki,K.K.,BollywoodRomantic,Kites,0.9400000000000001
Tauba Yeh Matwali Chaal,Mukesh,BollywoodDance,Pathar Ke Sanam,0.79
Main Hoon Hero Tera,Armaan Malik,BollywoodRomantic,Hero,0.96
Daata Tu,Shreya Ghoshal,BollywoodMotivational,Tiger Zinda Hai,0.9199999999999999
Ye Dosti Hum Nahi Todenge,"Kishore Kumar, Manna Dey",Bollywood,Sholay,0.9199999999999999
Saathiya Nahi Jaana,"Lata Mangeshkar, Mohammed Rafi",BollywoodRomanticSad,Aya Sawan Jhoom Ke,0.8300000000000001
Ishq Hua,"Shreya Ghoshal, Sonu Nigam",BollywoodRomantic,Aaja Nachle,0.9400000000000001
Bloody Hell,Sunidhi Chauhan,BollywoodDance,Rangoon,0.9199999999999999
Dil Se Re,"A.R. Rahman, Anupama Deshpande, Anuradha Sriram",BollywoodRomantic,Dil Se,0.95
Phatte Tak Nachna,Sunidhi Chauhan,BollywoodDance,Dolly Ki Doli,0.93
Meer-E-Kaarwan,"Amit Mishra, Neeti Mohan",BollywoodSad,Lucknow Central,0.9400000000000001
Ratta Maar,"Shefali Alvares, Vishal Dadlani",Bollywood,Student of the Year,0.95
Raat Ka Nasha,K. S. Chithra,BollywoodDance,Ashoka,0.9400000000000001
Maa Da Laadla,Master Saleem,BollywoodDance,Dostana,0.9400000000000001
O Re Piya,Rahat Fateh Ali Khan,BollywoodSad,Aaja Nachle,0.93
Jhanjariya Meri Chanak,Alka Yagnik,BollywoodDance,Krishna,0.89
Pareshaan,Shalmali Kholgade,BollywoodRomantic,Ishaqzaade,0.9400000000000001
Paisa Paisa,"Manak-E, RDB, Selina",BollywoodDance,De Dana Dan,0.9099999999999999
Mere Haath Mein,"Sonu Nigam, Sunidhi Chauhan",BollywoodRomantic,Fanaa,0.9400000000000001
Do Lafzon Ki Hai Dil Ki Kahani,"Amitabh Bachchan, Asha Bhosle, Sharad Kumar",BollywoodDance,The Great Gambler,0.9099999999999999
Ishq Sufiyana (Male),Kamal Khan,BollywoodRomantic,The Dirty Picture,0.93
Hum Hain Insaaf,"Babu Haabi, Naezy",Bollywood,Bhavesh Joshi Superhero,0.86
Meri Maa,K.K.,BollywoodSad,Yaariyan,0.96
Zindagi Tujhse Kya Karen Shikvey,Amit Mishra,BollywoodSad,Zindagi Yeh Zindagi,0.9400000000000001
Dance Pe Chance,"Labh Janjua, Sunidhi Chauhan",BollywoodDance,Rab Ne Bana Di Jodi,0.9099999999999999
Tu Hi Hai,Armaan Malik,BollywoodRomantic,Jagga Jasoos,0.9400000000000001
Gehra Ishq,Shekhar Ravjiani,BollywoodRomantic,Neerja,0.97
Love Me Love Me,"Amrita Kak, Wajid",BollywoodDance,Wanted,0.9099999999999999
Saajna,Falak Shabir,BollywoodRomantic,I Me Aur Main,0.96
Tere Ho Ke Rahenge,Arijit Singh,BollywoodRomantic,Raja Natwarlal,0.95
Sai Baba Bolo (Album Version),"Anup Jalota, Anuradha Paudwal, Jani Baboo, Mohammed Rafi",BollywoodDevotional,Shirdi Ke Sai Baba,0.8699999999999999
Khudaya Ve Ishq Hai Kaisa,Salim Merchant,BollywoodSad,Luck,0.95
Pardesi Pardesi,"Bela, Suresh Wadkar",BollywoodSad,Raja Hindustani,0.86
Gulabi,"Jigar Saraiya, Priya Saraiya",BollywoodDance,Shuddh Desi Romance,0.95
Dus Bahane,"K.K., Shaan",BollywoodDance,Dus,0.95
Main Agar Kahoon,"Shreya Ghoshal, Sonu Nigam",BollywoodRomantic,Om Shanti Om,0.96
Main Aisa Kyun Hoon,Shaan,BollywoodDance,Lakshya,0.97
Main Aisa Kyon Hoon,Shaan,BollywoodDance,Lakshay,0.97
Mein Chali Mein Chali,"Lata Mangeshkar, Mohammed Rafi",BollywoodRomantic,Professor,0.86
Sharabi,"Nindy Kaur, Shekhar Ravjiani, Vishal Dadlani",BollywoodDance,Happy New Year,0.93
Labon Ka Karobaar,Papon,BollywoodRomantic,Befikre,0.7
Main Kya Karoon,Nikhil Paul George,BollywoodDance,Barfi,0.96
Sawan Ka Mahina,"Lata Mangeshkar, Mukesh",BollywoodRomantic,Milan,0.8800000000000001
Taang Uthake,"Mamta Sharma, Mika Singh, Neeti Mohan, Sohail Sen",BollywoodDance,Housefull 3,0.9
Hamari Shaadi Mein,"Babul Supriyo, Shreya Ghoshal",BollywoodDance,Vivah,0.79
Ishq Risk,Rahat Fateh Ali Khan,BollywoodRomantic,Mere Brother Ki Dulhan,0.9400000000000001
Dil Vich Lagya,"Akriti Kakar, Kunal Ganjawala, Sonu Nigam",BollywoodDance,Chup Chup Ke,0.89
Khalbali,"A.R. Rahman, Mohammed Aslam, Nacim",BollywoodDance,Rang De Basanti,0.96
Safarnama,Lucky Ali,BollywoodDance,Tamasha,0.95
My Dil Goes Mmmm,"Gayatri Iyer, Shaan",BollywoodRomantic,Salaam Namaste,0.9400000000000001
Tu Hi Meri Shab Hai,K.K.,BollywoodRomantic,Gangster,0.9400000000000001
Koi Ladki Hai,"Lata Mangeshkar, Udit Narayan",BollywoodDance,Dil To Pagal Hai,0.89
Bheege Hont Tere,Kunal Ganjawala,BollywoodRomanticSensual,Murder,0.8099999999999999
Mere Samne Wali Khidki Mein,Kishore Kumar,BollywoodDanceRomantic,Padosan,0.95
Is Mod Se Jaate Hain,"Kishore Kumar, Lata Mangeshkar",BollywoodRomantic,Aandhi,0.9
Chamak Challo Chel Chabeli,"Kumar Sanu, Shreya Ghoshal",Bollywood,Rowdy Rathore,0.8800000000000001
Chandni O Meri Chandni,YRF,BollywoodDance,Chandni,0.89
Mere Khwabon Mein,Lata Mangeshkar,BollywoodRomantic,Dilwale Dulhania Le Jayenge,0.9199999999999999
Rock N Roll Soniye,"Mahalakshmi Iyer, Shaan, Shankar Ehsaan Loy, Shankar Mahadevan",BollywoodDance,Kabhi Alvida Naa Kehna,0.9400000000000001
Keeda,"Himesh Reshammiya, Neeti Mohan",BollywoodDance,Action Jackson,0.8699999999999999
Abhi Kuch Dino Se,Mohit Chauhan,BollywoodDance,Dil Toh Bachha Hai,0.96
Dheere Dheere (Remix),Yo Yo Honey Singh,BollywoodDance,Dheere Dheere,0.89
Dil Ne Ye Kaha Hai Dil Se,"Alka Yagnik, Sonu Nigam",BollywoodRomanticSad,Dhadkan,0.9
Mohabbat Hai Kya Cheez,"Lata Mangeshkar, Suresh Wadkar",BollywoodRomantic,Prem Rog,0.76
Soldier Soldier Meethi Baaten,"Alka Yagnik, Kumar Sanu",BollywoodDance,Soldier,0.9
Tum Bin,Shreya Ghoshal,BollywoodSad,Sanam Re,0.95
Tum Ho Mera Pyar,"K.K., Suzanne D'Mello",BollywoodRomantic,Haunted,0.9400000000000001
Dard Dilo Ke  (Reprise),Mohammed Irfan,BollywoodDance,The Xpose,0.8699999999999999
Shirdi Wale Sai Baba,Mohammed Rafi,BollywoodDevotional,Amar Akbar Anthony,0.8800000000000001
Na Jane Kahan Se,"Amit Kumar, Kavita Krishnamurthy",BollywoodDance,Chaalbaaz,0.89
Bol Beliya,"Siddharth Mahadevan, Sunidhi Chauhan",BollywoodDance,Kill Dil,0.9099999999999999
Jee Karda,"Labh Janjua, Suzanne D'Mello",BollywoodDance,Singh Is Kinng,0.93
Tum Bin,Ankit Tiwari,BollywoodSad,Tum Bin 2,0.9400000000000001
Aadat,"Jubin Nautiyal, Raftaar, Shirley Setia",BollywoodRomantic,Passengers,0.95
Tere Liye,Ankit Tiwari,BollywoodRomantic,Sanam Re,0.95
Mera Rang De Basanti,"Manmohan Waris, Sonu Nigam",BollywoodPatriotic,The Legend Of Bhagat Singh,0.95
Hum Tumhare Hain Sanam,"Anuradha Paudwal, Udit Narayan",BollywoodRomantic,Hum Tumhare Hain Sanam,0.8699999999999999
Nain Phisal Gaye,Payal Dev,BollywoodRomantic,Welcome To New York,0.9400000000000001
Boond Boond,Ankit Tiwari,BollywoodSad,Roy,0.9400000000000001
Bipasha,"Shadab Faridi, Shraddha Pandit",BollywoodDance,Jodi Breakers,0.9199999999999999
Dhoom Tana,"Abhijeet, Shreya Ghoshal",BollywoodDance,Om Shanti Om,0.9400000000000001
Tu Hi Mera,Shafqat Amanat Ali,BollywoodRomantic,Jannat 2,0.95
A B C D E F G H,"Hariharan, Shankar Mahadevan, Udit Narayan",BollywoodDance,Hum Saath-Saath Hain,0.79
Moh Moh Ke Dhaage,"Monali Thakur, Papon",BollywoodSad,Dum Laga Ke Haisha,0.9400000000000001
ABCD Yaariyan,"Benny Dayal, Shefali Alvares",BollywoodDance,Yaariyan,0.93
Hona Tha Pyar,"Atif Aslam, Hadiqa Kiani",BollywoodRomantic,Bol,0.96
ABCD,"Benny Dayal, Shefali Alvares, Yo Yo Honey Singh",BollywoodDance,Yaariyan,0.93
Kaise Mujhe,Benny Dayal,BollywoodRomantic,Ghajini,0.96
Whats Up,"Jasleen Royal, Mika Singh",BollywoodDance,Phillauri,0.89
Dhaakad,Raftaar,Bollywood,Dangal,0.8800000000000001
Masakali,Mohit Chauhan,BollywoodDance,Delhi-6,0.95
Tumhe Jo maine Dekha,Abhijeet,BollywoodDance,Main Hoon Na,0.95
Gal Ban Gayi (Remix),"Meet Bros, Neha Kakkar, Sukhbir, Yo Yo Honey Singh",BollywoodDance,Gal Ban Gayi,0.89
Koyal Si Teri Boli,"Anuradha Paudwal, Udit Narayan",BollywoodDance,Beta,0.8099999999999999
Tu Hi Na Jaane,"Prakriti Kakkar, Sonu Nigam",Bollywood,Azhar,0.95
Hum Lakh Chupaye,"Asha Bhosle, Kumar Sanu",BollywoodRomantic,Jaan Tere Naam,0.86
Ek Villain,Multiple,BollywoodDance,Ek Villain,0.95
Tujhe Dekhti Hai Nazar,Mohd. Irfan,BollywoodRomantic,Nanu Ki Jaanu,0.95
Beedi,"Clinton Cerejo, Nachiketa, Sukhwinder Singh, Sunidhi Chauhan",BollywoodDance,Omkara,0.93
Chori Chori Dil Le Gaya,"Hema Sardesai, Sukhwinder Singh",BollywoodDance,Garam Masala,0.9099999999999999
Raasleela,Sumedha Karmahe,BollywoodDance,3 Storeys,0.93
Dum Maaro Dum,Anushka Manchanda,BollywoodDance,Dum Maaro Dum,0.9199999999999999
Kudiyan Sehar Diyan,"Alka Yagnik, Daler Mehndi",BollywoodDance,Arjun Pandit,0.86
Dhunki,Neha Bhasin,BollywoodDance,Mere Brother Ki Dulhan,0.9400000000000001
Tera Deedar Hua,Rahat Fateh Ali Khan,BollywoodRomantic,Jannat 2,0.95
Salaam India,"Salim Merchant, Vishal Dadlani",BollywoodMotivationalPatriotic,Mary Kom,0.96
Hum Ko Maaloom Hain,"Sadhana Sargam, Sonu Nigam",BollywoodRomantic,Jaan-E-Mann,0.95
Bodyguard,"Band of Power, Salman Khan",BollywoodDance,Bodyguard,0.9099999999999999
Pyaara Bhaiya Mera,"Alka Yagnik, Kumar Sanu",BollywoodDance,Kya Kehna,0.86
Chahoon Bhi,"Bombay Jayashri, Karthik",BollywoodRomantic,Force,0.95
Babul Pyare,Lata Mangeshkar,BollywoodDance,Johny Mera Naam,0.75
Bade Miyan Chote Miyan,"Sudesh Bhosle, Udit Narayan",BollywoodDance,Bade Miyan Chote Miyan,0.89
Albela Sajan,"Kanika Joshi, Kunal Pandit, Prithvi Gandharva, Rashi Raagga, Shashi Suman",BollywoodDance,Bajirao Mastani,0.95
Nahin Saamne Tu,"Hariharan, Sukhwinder Singh",BollywoodRomantic,Taal,0.95
Goron Ki Na Kalon Ki,"Suresh Wadkar, Usha Mangeshkar",BollywoodDance,Disco Dancer,0.9
Gum Hai Kisi Ke Pyar Mein,"Kishore Kumar, Lata Mangeshkar",BollywoodRomantic,Raampur Ka Lakshman,0.9199999999999999
Tu Mere Agal Bagal Hai,Mika,BollywoodDance,Phata Poster Nikhla Hero,0.9
Aashiyan,"Nikhil Paul George, Shreya Ghoshal",BollywoodDance,Barfi,0.96
Pyar Ka Anjaam,"Alka Yagnik, Kumar Sanu, Sapna Mukherjee",BollywoodRomantic,Bewafaa,0.8699999999999999
Ay Hairathe,"A.R. Rahman, Alka Yagnik, Hariharan, Mohammed Aslam",BollywoodRomantic,Guru,0.95
Phir Kya Hai Gham,Shilpa Rao,Bollywood,Hichki,0.85
Hip Hop Pammi,"Mika Singh, Monali Thakur",BollywoodDance,Ramaiya Vastavaiya,0.9400000000000001
Jab Se Mere Naina,Shaan,BollywoodDanceRomantic,Saawariya,0.96
Race Saanson Ki,"Neeraj, Sunidhi Chauhan",BollywoodDance,Race,0.93
Tu Chale Toh,Papon,BollywoodRomantic,Qarib Qarib Singlle,0.89
Chori Chori Chupke Chupke,"Shreya Ghosal, Udit Narayan",BollywoodDanceRomantic,Krrish,0.9
Pairon Mein Bandhan Hai,"Manohar Shetty, Preetha Mazumdar, Sonali Bhatawdekar, Udbhav",BollywoodDance,Mohabbatein,0.9199999999999999
Tum Par Hum Hai Atke Yaara,"Kavita Krishnamurthy, Kumar Sanu",BollywoodDance,Pyaar Kiya To Darna Kya,0.8800000000000001
So Gaya Yeh Jahan,"Alka Yagnik, Nitin Mukesh, Shabbir Kumar",BollywoodDance,Tezaab,0.8699999999999999
Wo Ladki Jo Sabse,Abhijeet,BollywoodDance,Baadshah,0.9400000000000001
Sara Zamana,Kishore Kumar,BollywoodDance,Yaarana,0.89
Aur Is Dil Mein,"Asha Bhosle, Suresh Wadkar",BollywoodSad,Imaandaar,0.9
Mujhse Shaadi Karogi,"Sonu Nigam, Sunidhi Chauhan, Udit Narayan",BollywoodDance,Mujhse Shaadi Karogi,0.9199999999999999
Challa,"Babbu Maan, Suzanne D'Mello",BollywoodDance,Crook,0.93
Tu Hi Toh Meri Dost Hai,"A.R. Rahman, Benny Dayal, Shreya Ghoshal",BollywoodDance,Yuvvraaj,0.96
Maa Sheranwali,Shabbir Kumar,BollywoodDevotional,Coolie,0.76
Kuch Din,Jubin Nautiyal,BollywoodRomantic,Kaabil,0.93
Tu Na Ja Mere Badshah,"Alka Yagnik, Mohammad Aziz",BollywoodSad,Khuda Gawah,0.8400000000000001
Rani Tu Mein Raja (,"Bhavya Pandit, Mika Singh, Yo Yo Honey Singh",BollywoodDance,Son of Sardaar,0.8300000000000001
Bholi Si Surat,"Lata Mangeshkar, Udit Narayan",BollywoodRomantic,Dil To Pagal Hai,0.93
Tere Naina,"Shaan, Shreya Ghoshal",BollywoodRomantic,Jai Ho,0.9199999999999999
O Rangrez,Divya Kumar,BollywoodRomantic,Bhaag Milkha Bhaag,0.96
Jise Dekh Mera Dil Dhadke,Kumar Sanu,BollywoodRomantic,Phool Aur Kaante,0.85
Tumko To Aana Hi Tha,"Armaan Malik, Marianne D'Cruz",BollywoodRomantic,Jai Ho,0.95
Khwaab Ho Tum Ya Koi,Kishore Kumar,BollywoodRomantic,Teen Deviyan,0.9400000000000001
Chor Bazari,Neeraj Shridhar,BollywoodDance,Love Aj Kal,0.93
Jaati Hoon Main,"Alka Yagnik, Kumar Sanu, Udit Narayan",Bollywood,Karan Arjun,0.89
Saanson Ne,"Sonu Nigam, Tulsi Kumar",BollywoodRomantic,Dabangg 2,0.9
Mr. Lova Lova,"Abhijeet, Kavita Krishnamurthy, Sudesh Bhosle, Udit Narayan, Vibha Sharma",BollywoodDance,Ishq,0.9099999999999999
Ladka Yeh Kehta Hai,K.K.,BollywoodDance,Main Prem Ki Diwani Hoon,0.9099999999999999
Tum Dil Ki Dhadkan Mein,"Abhijeet, Alka Yagnik, Kumar Sanu",BollywoodRomantic,Dhadkan,0.9
Halla Re,"Salim Merchant, Shweta Pandit",BollywoodDance,Neal 'n' Nikki,0.9099999999999999
Tu Bhoola Jise,K.K.,BollywoodPatriotic,Airlift,0.97
Teri Yaad,"Badshah, Himesh Reshammiya",BollywoodSad,Teraa Surroor,0.9
Tum Saanson Mein,"Himesh Reshammiya, Tulsi Kumar",BollywoodRomantic,Humko Deewana Kar Gaye,0.9
Yeh Jo Des Hai Tera,A.R. Rahman,BollywoodPatriotic,Swades,0.96
Jab Tak Hai Jaan,Shakthi Sree Gopalan,BollywoodRomantic,Jab Tak Hai Jaan,0.97
Teri Yaad Aati Hai,"Lata Mangeshkar, Suresh Wadkar",BollywoodSad,Saudagar,0.8
Jee Le Zaraa,Vishal Dadlani,BollywoodRomantic,Talaash,0.9400000000000001
Bekarar Karke Hume,Hemant Kumar,BollywoodRomantic,Bees Saal Baad,0.95
Tumhari Nazar Kyon Khafa Ho Gayi,"Lata Mangeshkar, Mohammed Rafi",Bollywood,Do Kaliyan,0.8400000000000001
Chichora Piya,"Himesh Reshammiya, Shalmali Kholgade",BollywoodDance,Action Jackson,0.8699999999999999
Soniye Ve – Dhak Dhak Dhak,"Sonu Nigam, Sunidhi Chauhan",BollywoodDance,Kismat Konnection,0.9400000000000001
Tere Bin,Atif Aslam,BollywoodSad,Bas Ek Pal,0.96
Phir Mohabbat,"Arijit Singh, Mohammed Irfan, Saim Bhat",BollywoodRomanticSad,Murder 2,0.8300000000000001
O Heeriye,Ayushman Khurana,BollywoodRomance,Bewakoofiyan,0.96
O Heeriye,Ayushman Khurana,BollywoodSad,Bewakoofiyaan,0.96
Hummein Tummein Jo Tha,"Palak Muchhal, Papon",BollywoodSad,Raaz Reboot,0.9199999999999999
Dil Chura Le,"Alka Yagnik, Kumar Sanu",BollywoodRomantic,Dil Ka Rishta,0.9
Kaun Hai Jo Sapnon Mein Aaya,Mohammed Rafi,BollywoodRomantic,Jhuk Gaya Aasman,0.9199999999999999
Mar Jaawan Mit Jaawan,"Abhijeet Sawant, Sunidhi Chauhan",BollywoodDance,Aashiq Banaya Aapne,0.9
Jhuki Jhuki Si Nazar,Jagjit Singh,BollywoodSad,Arth,0.93
Zor Ka Jhatka,"Daler Mehndi, Master Saleem, Richa Sharma",BollywoodDance,Action Replayy,0.9400000000000001
I Am A Disco Dancer,Bappi Lahiri,BollywoodDance,Disco Dancer,0.8699999999999999
Sufi Salam,Rahat Fateh Ali Khan,BollywoodRomantic,Tishnagi,0.9199999999999999
Ishq Samundar,"Himesh Reshammiya, Kanika Kapoor",BollywoodDance,Teraa Surroor,0.89
Na Na Karte Pyar,Alka Yagnik,BollywoodDanceRomantic,Dhadkan,0.8800000000000001
Tu Rootha Dil Toota,Kishore Kumar,BollywoodSad,Yaarana,0.8699999999999999
Katra Katra,"Ankit Tiwari, Prakriti Kakar",BollywoodRomantic,Alone,0.9
Yaara O Yaara,"Lata Mangeshkar, Suresh Wadkar",BollywoodSad,Ram Teri Ganga Maili,0.8400000000000001
Let’s Celebrate,Imran Khan,BollywoodDance,Tevar,0.95
Alfazon Ki Tarah (Unplugged),"Ankit Tiwari, John Abraham, Shreya Ghoshal",BollywoodSad,Rocky Handsome,0.95
Jaane Dil Mein,"Lata Mangeshkar, Sonu Nigam",BollywoodRomantic,Mujhse Dosti Karoge!,0.9099999999999999
Trippy,"Himesh Reshammiya, Neha Kakkar",BollywoodDance,Aap Se Mausiiquii,0.8800000000000001
Dil Jaane Na,"Mohit Chauhan, Neeti Mohan",BollywoodRomantic,Dil Juunglee,0.86
Da Da Dasse,"Babu Haabi, Kanika Kapoor",BollywoodDance,Udta Punjab,0.9400000000000001
O Re Kaharo,"Altamash Faridi, Kalpana Patowary",BollywoodSad,Begum Jaan,0.9199999999999999
Ramaiya Vatsavaiya,"Lata Mangeshkar, Mohammed Rafi, Mukesh",BollywoodDance,Shree 420,0.86
Fashion Khatam Mujhpe,"Mamta Sharma, Shabab Sabri, Wajid",BollywoodDance,Dolly Ki Doli,0.9
Kya Dekhte Ho Surat Tumhari,"Asha Bhosle, Mohammed Rafi",BollywoodRomantic,Qurbani,0.89
Kudiye Di Kurti,"Neuman Pinto, Shazneen Arethna, Shreya Ghoshal, Sonu Nigam",BollywoodDance,Ishkq In Paris,0.9099999999999999
Beat Juunglee,"Armaan Malik, Prakriti Kakkar",BollywoodDance,Dil Juunglee,0.96
Ya Rabba,Kailash Kher,BollywoodSad,Salaam-E-Ishq,0.9400000000000001
Khwab Dekhe Sexy Lady,"Monali Thakur, Neeraj Shridhar",BollywoodDance,Race,0.95
Ishqa,"Abhijeet Sawant, Antara Mitra",Bollywood,Dishoom,0.9400000000000001
Aahun Aahun,"Ashish Pandit, Jaspreet Singh, Master Saleem, Suzanne D'Mello",BollywoodDance,Love Ajkal,0.93
Aahun Aahun,"Ashish Pandit, Master Saleem, Suzanne D'Mello",BollywoodDance,Love Aj Kal,0.93
Dil Dance Maare,"Sukhwinder Singh, Sunidhi Chauhan, Udit Narayan",BollywoodDance,Tashan,0.9099999999999999
Kitni Baatein,"Hariharan, Sadhana Sargam, Shankar Ehsaan Loy",BollywoodSad,Lakshya,0.97
Kitni Baatein,"Hariharan, Sadhana Sargam",BollywoodSad,Lakshay,0.97
Char Baj Gaye (Party Abhi Baaki Hai),Hard Kaur,BollywoodDance,F.A.L.T.U,0.95
Aa Gaya Aa Gaya,Udit Narayan,BollywoodDance,Hum Tumhare Hain Sanam,0.8099999999999999
Chand Sitare,Kumar Sanu,BollywoodRomantic,Kaho Naa.... Pyaar Hai,0.93
Bhanware Ne Khilaya Phool,"Lata Mangeshkar, Suresh Wadkar",BollywoodDance,Prem Rog,0.75
O Piya O Piya,"Sadhana Sargam, Sukhwinder Singh",BollywoodRomantic,Jis Desh Mein Ganga Rehta Hai,0.86
Dekha Tujhe Toh,"Alka Yagnik, Kumar Sanu",BollywoodRomantic,Devdas,0.86
Engine Ki Seeti,"Resmi Sateesh, Sunidhi Chauhan",BollywoodDance,Khoobsurat,0.9199999999999999
Yeh Jawaani Hai Deewani (Mashup),"Arijit Singh, Mohit Chauhan",BollywoodDance,Yeh Jawaani Hai Deewani,0.95
Main Heroine Hoon,Aditi Singh Sharma,BollywoodDance,Heroine,0.9099999999999999
Punjabi Mast,"Alamgir Khan, Ankit Tiwari, Arya Acharya, Himesh Reshammiya, Vineet Singh",BollywoodDance,Action Jackson,0.89
Mere Hathon Mein Nau Nau,Lata Mangeshkar,BollywoodDance,Chandni,0.8400000000000001
Heer,"Arijit Singh, Harshdeep Kaur",BollywoodDance,Yeh Jawaani Hai Deewani,0.9400000000000001
Mere Bina,Nikhil Dsouza,BollywoodRomantic,Crook,0.96
Ishq Chupta Nahi Chupane Se,Abhijeet,BollywoodSad,Bewaffa,0.89
Ishq Chupta Nahi,Abhijeet,BollywoodRomantic,Bewafaa,0.89
Tu Jahaan,Sonu Nigam,BollywoodRomanticSad,Salaam Namaste,0.9400000000000001
Girls Like To Swing,Sunidhi Chauhan,BollywoodDance,Dil Dhadakne Do,0.9099999999999999
Tu Kamaal Di Kudi,"Mamta Sharma, Vineet Singh",BollywoodDance,Son of Sardaar,0.85
Sapne Mein,"Asha Bhosle, Suresh Wadkar",BollywoodDance,Satya,0.93
Sadka,"Mahalakshmi Iyer, Suraj Jagan",Bollywood,I Hate Luv Story,0.95
Dekho Dekho Jaanam,"Alka Yagnik, Udit Narayan",BollywoodDance,Ishq,0.93
Chhan Ke Mohalla,"Ritu Pathak, Sunidhi Chauhan",BollywoodDance,Action Replayy,0.9400000000000001
Kaahe Chhed,"Kavita Krishnamurthy, Madhuri Dixit, Pandit Birju Maharaj",BollywoodDance,Devdas,0.9199999999999999
Aate Jaate Jo Milta Hai,"Alka Yagnik, Sonu Nigam",BollywoodDance,Har Dil Jo Pyar Karega,0.9400000000000001
Uff Teri Adaa I Like You,"Alyssa Mendonsa, Shankar Mahadevan",BollywoodDance,Karthik Calling Karthik,0.96
Pant Mein Gun,Diljit Dosanjh,BollywoodDance,Welcome To New York,0.9
Bachna Ae Haseeno,"Kishore Kumar, Sumit Kumar, Vishal Dadlani",BollywoodDance,Bachna Ae Haseeno,0.93
Ang Se Ang Lagana,"Alka Yagnik, Devki Pandit, Sudesh Bhosle, Vinod Rathod",BollywoodDance,Darr,0.8
Janib (Duet),"Arijit Singh, Sunidhi Chauhan",BollywoodRomantic,Dilliwaali Zaalim Girlfriend,0.96
Seedha Saadha,Amit Mishra,BollywoodSad,Commando 2,0.93
Aaya Re,"Kunal Ganjawala, Sunidhi Chauhan",BollywoodDance,Chup Chup Ke,0.9
Koi Fariyaad,Jagjit Singh,BollywoodSad,Tum Bin,0.9400000000000001
Rangreli,"Shreya Ghoshal, Wajid",BollywoodDance,Daawat e Ishq,0.9400000000000001
Loot Jayenge,"Jayesh Gandhi, Kunal Ganjawala",BollywoodDance,Aksar,0.89
Pyar Kiya To Darna Kya,Lata Mangeshkar,BollywoodDance,Mughal-E-Azam,0.86
Hum To Bhai Jaise Hain,Lata Mangeshkar,BollywoodDance,Veer Zaara,0.9199999999999999
Jatt Jaguar,"Apeksha Dandekar., Navraj Hans, Vishal Dadlani",BollywoodDance,Mubarakan,0.9199999999999999
Yaad Aa Raha Ha,Bappi Lahiri,BollywoodDance,Disco Dancer,0.85
Glamorous Ankhiyaan,"Anjjan, Krishna Beura, Meet Bros",BollywoodDance,Ek Paheli Leela,0.89
Kitni Mohabbat Kis Ko,"Alka Yagnik, Kumar Sanu, Udit Narayan",BollywoodRomantic,Deewane,0.85
Tera Mera Rishta Purana,Mustafa Zahid,BollywoodSad,Awarapan,0.9099999999999999
Bin Tere,"Shafqat Amanat Ali, Sunidhi Chauhan",BollywoodSad,I Hate Luv Storys,0.96
Tere Dil Ka Rishta,Sonu Nigam,BollywoodRomantic,Koi Aap Sa,0.9199999999999999
Om Mangalam,"Nindy Kaur, RDB",BollywoodDance,Kambakkht Ishq,0.95
Chhupana Bhi Nahin Aata,Vinod Rathod,BollywoodRomantic,Baazigar,0.9199999999999999
Hum Pyar Karne Wale,"Adnan Sami, Anuradha Paudwal, Udit Narayan",BollywoodRomantic,Dil,0.78
Khwabon Khwabon,K.K. Suchitra,BollywoodDance,Force,0.9400000000000001
Yeh Haseen Vadiyan Yeh Khula Aasman,"A.R. Rahman, K. S. Chithra, S.P. Balasubrahmanyam",BollywoodRomantic,Roja,0.95
Yeh Hawa Yeh Bata,Lata Mangeshkar,BollywoodDance,Ghazab,0.72
Khulke Dulke,"Gippy Grewal, Harshdeep Kaur",BollywoodDance,Befikre,0.9
Musu Musu,Shaan,BollywoodRomantic,Pyaar Mein Kabhi Kabhi,0.96
Sajh Dhaj Ke,"Mika Singh, Pankaj Kapur",BollywoodDance,Mausam,0.9400000000000001
Dhiktana – 2,"Lata Mangeshkar, S.P. Balasubrahmanyam, Udit Narayan",BollywoodDance,Hum Aapke Hain Koun,0.82
Pinky,"Mamta Sharma, Meet Bros Anjjan",BollywoodDance,Zanjeer,0.93
Mujhe Kitna Pyar Hai Tumse,"Lata Mangeshkar, Mohammed Rafi",BollywoodRomantic,Dil Tera Deewana,0.8800000000000001
The Disco Song (Remix),"Benny Dayal, Salim Merchant, Shahid Mallaya, Sunidhu Chauhan, Udit Narayan",BollywoodDance,Student of the Year,0.95
Yeh Ishq Hai Gunah,"Sukhwinder Singh, Sunidhi Chauhan",BollywoodRomantic,Madhoshi,0.8
Kabhi Shaam Dhale,Lucky Ali,BollywoodDance,Sur,0.9
In Lamhon Ke Daaman Mein,Javed Ali,BollywoodRomantic,Jodha Akbar,0.9199999999999999
Agar Main Kahoon,"Alka Yagnik, Udit Narayan",BollywoodRomantic,Lakshay,0.96
Kaddu Katega,Antara Mitra,BollywoodDance,R... Rajkumar,0.89
Ishaqzaade,"Javed Ali, Shreya Ghoshal",BollywoodDance,Ishaqzaade,0.9400000000000001
Race 2 (Mashup),Multiple,BollywoodDance,Race 2,0.93
Allah Ke Bande,Kailash Kher,BollywoodSad,Waisa Bhi Hota Hai,0.96
Aisa Jadoo,Sunidhi Chauhan,BollywoodDance,Khakee,0.9199999999999999
Saanson Ki Mala,Kavita Krishnamurthy,BollywoodDance,Koyla,0.8699999999999999
Mar Jayian,"Sunidhi Chauhan, Vishal Dadlani",Bollywood,Vicky Donor,0.96
Prabhu Ji,Asees Kaur,BollywoodDevotional,High Jack,0.9099999999999999
Baby Doll (Remix),"Kanika Kapoor, Meet Bros",BollywoodDance,Ragini MMS 2,0.89
Aa Tayar Hoja,Sunidhi Chauhan,BollywoodDance,Asoka,0.9400000000000001
Humko Pyaar Hua,"K.K., Tulsi Kumar",BollywoodRomantic,Ready,0.9400000000000001
Jugni Peeke Tight Hai,"Divya Kumar, Kanika Kapoor, Sukriti Kakkar",BollywoodDance,Kis Kisko Pyaar Karoon,0.9099999999999999
Mere Rang Mein Rangne Wali,"Asad Bhopali, S.P. Balasubrahmanyam",BollywoodRomantic,Maine Pyar Kiya,0.89
Toh Phir Aao,Mustafa Zahid,BollywoodSad,Awarapan,0.93
Ajnabi Mujhko Itna Bata,"Asha Bhosle, Jatin-Lalit, Udit Narayan",BollywoodRomantic,Pyaar To Hona Hi Tha,0.9
Dil Dhadakne Do,"Joi Barua, Shankar Mahadevan, Suraj Jagan",Bollywood,Zindagi Na Milegi Dobara,0.95
Tu Mere Paas,Ankit Tiwari,BollywoodSad,Wazir,0.96
Dhat Teri Ki,"Aditi Singh Sharma, Sanam Puri",BollywoodDance,Dhat Teri Ki,0.95
Der Se Aana Jaldi Jaana,"Alka Yagnik, Manhar Udhas",BollywoodDance,Khal Nayak,0.8099999999999999
Jazba,Shilpa Rao,BollywoodDance,Unknown,0.9400000000000001
Is This Love – Kahin Na Laage,"Mohit Chauhan, Shreya Ghoshal",BollywoodDance,Kismat Konnection,0.96
Bol Radha Bol,Mukesh,BollywoodRomantic,Sangam,0.85
Tu Hi Khwahish,Sunidhi Chauhan,BollywoodDance,Once Upon A Time In Mumbaai Dobara,0.93
Chak De India,"Marianne D'Cruz, Salim Merchant, Sukhwinder Singh",BollywoodDance,Chak De India,0.9400000000000001
Ruk Ja O Dil Deewane,Udit Narayan,BollywoodRomantic,Dilwale Dulhania Le Jayenge,0.93
Nanga Punga Dost,Shreya Ghoshal,BollywoodDance,PK,0.8800000000000001
Tanhayee,Sonu Nigam,BollywoodSad,Dil Chahta Hai,0.93
Beat It Bijuriya,"Asees Kaur, Renesa Baadchi",BollywoodDance,Munna Michael,0.8800000000000001
Tum Saath Ho Jab Apne,"Asha Bhosle, Kishore Kumar",BollywoodDance,Kaalia,0.9
Most Wanted Munda,"Earl Edgar, Meet Bros",BollywoodDance,Ki & Ka,0.93
Mehram,Arijit Singh,BollywoodDance,Kahaani 2,0.9099999999999999
Naina,Rahat Fateh Ali Khan,BollywoodSad,Omkara,0.9199999999999999
Sab Kuchh Bhula Diya,"Sapna Awasthi, Sonu Nigam",BollywoodSad,Hum Tumhare Hain Sanam,0.8699999999999999
Ungli Pe Nachalein,"Dev Negi, Shipra Goyal",BollywoodDance,Ungli,0.93
Do Me A Favour Let’s Play Holi,"Anu Malik, Sunidhi Chauhan",BollywoodDance,Waqt- The Race Against Time,0.8699999999999999
Aise Na Mujhe Tum Dekho,Kishore Kumar,BollywoodRomantic,Darling Darling,0.93
Kahin Door Jab Din Dhal Jaye,Mukesh,BollywoodRomantic,Anand,0.9400000000000001
Gilehriyaan,Jonita Gandhi,Bollywood,Dangal,0.95
Tanha Tanha Yahan Pe Jeena,Asha Bhosle,BollywoodDance,Rangeela,0.9
Khwahishein,Shreya Ghoshal,BollywoodRomantic,Heroine,0.97
Zindagi Kaisi Hai Paheli,Manna Dey,BollywoodDance,Anand,0.93
Sachi Muchi,"Harshdeep Kaur, Mohit Chauhan",BollywoodDance,Sultan,0.8699999999999999
Saawli Saloni Teri,"Alka Yagnik, Kumar Sanu",BollywoodRomantic,Hum Sub Chor Hain,0.8699999999999999
Soniye,"K.K., Sunidhi Chauhan",BollywoodRomantic,Aksar,0.93
Koi Yeh Kaise Bataye,Jagjit Singh,BollywoodSad,Arth,0.9400000000000001
Dekho Nashe Mein,"K.K., Shaan, Sunidhi Chauhan",BollywoodDance,Race,0.93
Mein Sharabi,Yo Yo Honey Singh,BollywoodDance,Cocktail,0.93
Ho Sarkay Leo Khattiya Jada Lage,"Kumar Sanu, Poornima",BollywoodRomantic,Raja Babu,0.8
Nadiya Chale Chale Re Dhara,Manna Dey,BollywoodDance,Safar,0.86
Khatam Kahani,"Jyoti Nooran, Sultana Nooran, Vishal Mishra",Bollywood,Qarib Qarib Single,0.8800000000000001
Jiya Jale,"Lata Mangeshkar, M.G. Sreekumar",BollywoodDance,Dil Se,0.9400000000000001
Manva Likes To Fly,Shalmali Kholgade,BollywoodDance,Tumhari Sulu,0.8800000000000001
Aashayein,"KK, Salim Merchant",BollywoodMotivational,Iqbal,0.95
Aur Kya,Abhijeet,BollywoodDanceRomance,Unknown,0.95
Aisa Kyoon Hota Hai,Alka Yagnik,BollywoodRomantic,Ishq Vishk,0.93
Aaja Shaam Hone Aayi,"Lata Mangeshkar, S.P. Balasubrahmanyam",BollywoodDance,Maine Pyar Kiya,0.8699999999999999
Cocktail Mashup,Multiple,BollywoodDance,Cocktail,0.95
Teri Mehfil Mein Kismat Azmakar,"Lata Mangeshkar, Shamshad Begum.",BollywoodDance,Mughal-E-Azam,0.89
Pandey Jee Seeti,"Mamta Sharma, Shreya Ghoshal, Wajid",BollywoodDance,Dabangg 2,0.8699999999999999
Ye Jawaani Teri,"Jonita Gandhi, Nakash Aziz",BollywoodDance,Meri Pyaari Bindu,0.9400000000000001
Ghar Aaja Pardesi,Unknown,BollywoodDance,Dilwale Dulhania Le Jayenge,0.85
Kitaben Bahut Si,"Asha Bhosle, Vinod Rathod",BollywoodDance,Baazigar,0.8800000000000001
Jahan Teri Yeh Nazar Hai,Kishore Kumar,BollywoodDance,Kaalia,0.93
Namak Paare,"Anupam Amod, Mamta Sharma",BollywoodDance,Raja Natwarlal,0.93
Nazdeekiyan,"Neeti Mohan, Nikhil Paul George",BollywoodRomantic,Shaandaar,0.96
Jhumritalaiyya,"Arijit Singh, Mohan Kanan",BollywoodDance,Jagga Jasoos,0.93
Pyar Dilon Ka Mela Hai,"Alka Yagnik, Sonu Nigam",BollywoodDanceRomantic,Dulhan Hum Le Jaayenge,0.9099999999999999
Aap Ki Ankhon Mein Kuch,"Kishore Kumar, Lata Mangeshkar",BollywoodRomantic,Ghar,0.9199999999999999
Haawa Haawa,Mohit Chauhan,BollywoodDance,Rockstar,0.95
Baatein Ye Kabhi Na (Female),Palak Muchhal,BollywoodRomantic,Khamoshiyan,0.95
Lakh Lakh,Neeraj Shridhar,BollywoodDance,Kambakkht Ishq,0.9099999999999999
Yari Hai Imaan Mera,Manna Dey,BollywoodDance,Zanjeer,0.86
O Mere Sanam,"Lata Mangeshkar, Mukesh",BollywoodSad,Sangam,0.8300000000000001
Daag,Sukhwinder Singh,BollywoodSad,Bhoomi,0.95
Koi Kahe Kehta Rahe,"K.K., Shaan, Shankar Mahadevan",BollywoodDance,Dil Chahta Hai,0.9400000000000001
Mere Khayalon Ki Malika,Abhijeet,BollywoodRomance,Josh,0.9400000000000001
Krazzy 4,Vishal Dadlani,BollywoodDance,Krazzy 4,0.93
Sun Zara,Adnan Sami,BollywoodRomantic,Lucky,0.9400000000000001
Zinda Rehti Hain Mohabbatein,"Lata Mangeshkar, Udit Narayan",BollywoodSad,Mohabbatein,0.95
Titliyan,Sunidhi Chauhan,BollywoodDance,Rocky Handsome,0.93
Jeete Hain Chal,Kavita Seth,BollywoodSad,Neerja,0.96
Hum Tum,"Alka Yagnik, Babul Supriyo",BollywoodRomantic,Hum Tum,0.9400000000000001
Yun Hi Chala Chal,"Hariharan, Kailash Kher, Udit Narayan",BollywoodDance,Swades,0.9400000000000001
Dooriyan,Mohit Chauhan,BollywoodSad,Love Aj Kal,0.9400000000000001
Yeh Hum Aa Gaye Hain Kahaan,"Lata Mangeshkar, Udit Narayan",BollywoodRomantic,Veer Zaara,0.9400000000000001
Yaar Na Miley (Remix),"Jasmine Sandlas, Yo Yo Honey Singh",BollywoodDance,Kick,0.9
Yaar Naa Miley (Remix),"Jasmine Sandlas, Yo Yo Honey Singh",BollywoodDance,Kick,0.9
Joganiyan,Shruti Haasan,BollywoodRomantic,Tevar,0.96
Huzur Is Kadar,"Bhupinder Singh, Suresh Wadkar",BollywoodDance,Masoom,0.9400000000000001
Aye Zindagi Gale Lagaa Le,Suresh Wadkar,BollywoodRomantic,Sadma,0.9199999999999999
Surmayee Ankhiyon Mein,"Ilaiyaraaja, K.J. Yesudas",BollywoodRomantic,Sadma,0.9199999999999999
Meri Ada Bhi,"Rahat Fateh Ali Khan, Tulsi Kumar",BollywoodDanceRomantic,Ready,0.93
Waada Raha Sanam,"Abhijeet, Alka Yagnik",BollywoodDanceRomantic,Khiladi,0.93
Tumse Hi Tumse,"Caralisa Monteiro, Shekhar Ravjiani",BollywoodRomantic,Anjaana Anjaani,0.96
"Gori Ka Sajan, Sajan Ki Gori","Mohammad Aziz, S. Janaki",BollywoodDance,Aakhree Raasta,0.86
Falak Dekhun,Sonu Nigam,BollywoodDance,Garam Masala,0.9199999999999999
Shikdum,"Shaan, Shreya Ghoshal",BollywoodDanceRomantic,Dhoom,0.9199999999999999
Bezubaan,K.K.,BollywoodRomantic,Laali Ki Shaadi Mein Laaddoo Deewana,0.85
Mere Bina Tu (Duet Version),"Harshdeep Kaur, Pritam",BollywoodSad,Phata Poster Nikhla Hero,0.9400000000000001
Alisha,"Anushka Manchanda, Salim Merchant",BollywoodDance,Pyaar Impossible,0.9400000000000001
Aaj Kal Yaad Kuch Aur Rehta Nahin,Mohammad Aziz,BollywoodRomantic,Nagina,0.82
Dil Kho Gaya,"Anuradha Paudwal, Udit Narayan",BollywoodRomantic,Dil,0.8400000000000001
Sun Soniye,"Antara Mitra, Mohammed Irfan",BollywoodRomantic,Ajab Gazabb Love,0.95
Baadal,Sunidhi Chauhan,BollywoodSad,Akira,0.95
Ae Mere Humsafar,"Alka Yagnik, Vinod Rathod",BollywoodRomantic,Baazigar,0.89
Idhar Chala Mein Udhar Chala,"Alka Yagnik, Udit Narayan",BollywoodDance,Koi Mil Gaya,0.9199999999999999
Kise Dhoondta Hai Pagal Sapare,Anuradha Paudwal,BollywoodDance,Nigahen,0.72
Mere Dushman Mere Bhai,Hariharan,BollywoodSad,Border,0.9199999999999999
Aye Meri Zohra Jabeen,Manna Dey,BollywoodDance,Waqt,0.9
Aye Dil Laaya Hai Bahaar,"Hariharan, Kavita Krishnamurthy",BollywoodDance,Kya Kehna,0.9400000000000001
Bad Baby,"Badshah, Gippy Grewal",BollywoodDance,Second Hand Husband,0.8699999999999999
Dil Kyun Yeh Mera,K.K.,BollywoodRomantic,Kites,0.95
Tum Se Milke,"Asha Bhosle, Suresh Wadkar",BollywoodRomantic,Parinda,0.9400000000000001
Dhup Chik,"Badshah, Raftaar",BollywoodDance,Fugly,0.93
Aadha Ishq,"Natalie Di Luccio, Shreya Ghoshal",BollywoodRomantic,Band Baaja Baaraat,0.96
Pink Lips (Remix),Khushboo Grewal,BollywoodDance,Hate Story 2,0.9
Paathshaala,"Blaaze, Mohammed Aslam, Naresh Iyer",BollywoodDance,Rang De Basanti,0.96
Ala Barfi,Mohit Chauhan,BollywoodDance,Barfi,0.96
Kudi Tu Butter,Yo Yo Honey Singh,BollywoodDance,Bajatey Raho,0.9400000000000001
Churiyan Kanak Gayee,"Ila Arun, Lata Mangeshkar, Moinuddin Manchala",BollywoodDance,Lamhe,0.89
Kapoor & Sons (Mashup),Multiple,BollywoodDance,Kapoor & Sons,0.9400000000000001
Mujhse Dosti Karoge,"Alka Yagnik, Asha Bhosle, Udit Narayan",BollywoodRomantic,Mujhse Dosti Karoge!,0.9099999999999999
Hum To Dil Se Haare,"Alka Yagnik, Udit Narayan",BollywoodSad,Josh,0.9099999999999999
Soniye,K.K.,BollywoodRomantic,Heartless,0.97
Albela Sajan,"Kavita Krishnamurthy, Shankar Mahadevan, Ustad Sultan Khan",BollywoodDance,Hum Dil De Chuke Sanam,0.9199999999999999
Ehsan Tera Hoga Mujh Par,Mohammed Rafi,BollywoodRomantic,Junglee,0.96
Rola Pe Gaya,"Earl D'Souza, Hard Kaur, Mahadevan, Mahalakshmi Iyer, Master Saleem, Shankar",BollywoodDance,Patiala House,0.93
Bande Mein Tha Dum… Vande Mataram,"Pranab Biswas, Shreya Ghoshal, Sonu Nigam",BollywoodDance,Lage Raho Munna Bhai,0.9400000000000001
Jawani Janeman,Asha Bhosle,BollywoodDance,Namak Halaal,0.9099999999999999
Yahi Hota Pyaar,"Himesh Reshammiya, Sunidhi Chauhan",BollywoodSad,Namastey London,0.93
Aa Aa E Ooh Ooh Ooh Mera Dil Na Todo,Abhijeet,BollywoodDance,Raja Babu,0.89
Main To Raste Se Ja Raha Tha,"Alka Yagnik, Kumar Sanu",BollywoodRomantic,Coolie No. 1,0.9
Awaarapan Banjarapan,M. M. Keeravani,BollywoodDance,Jism,0.9400000000000001
Yeh Raat Aur Yeh Doori,"Asha Bhosle, S.P. Balasubrahmanyam",BollywoodDance,Andaz Apna Apna,0.93
Mere Dil Jigar Se Guzree Hai,"Alka Yagnik, Kumar Sanu",BollywoodDance,Soldier,0.85
Yeh Dil Jo Hai Badmaash Hai,"Mohit Chauhan, Monali Thakur, Shreya Ghoshal",BollywoodDance,Phir Se,0.9400000000000001
Saawali Si Raat,Arijit Singh,BollywoodRomantic,Barfi,0.9800000000000001
Aaankhein Milayenge Darr Se,"K. Mohan, Neha Bhasin",BollywoodDance,Neerja,0.96
Ishq Vishq,"Kamaal khan, Sunidhi Chauhan, Suzanne D'Mello",BollywoodRomantic,Wanted,0.9199999999999999
Hoshwalon Ko Khabar Kya,Jagjit Singh,BollywoodSad,Sarfarosh,0.9400000000000001
Ghoomar,"K.K., Sunidhi Chauhan",BollywoodDance,Chup Chup Ke,0.9
Dil Mere,Kumar Sanu,BollywoodDance,Sooryavansham,0.9
Mujhe Haq Hai,"Shreya Ghoshal, Udit Narayan",BollywoodRomantic,Vivah,0.9
Musafir,Tushar Joshi,BollywoodRomantic,Jagga Jasoos,0.95
Chalak Chalak,"Shreya Ghoshal, Udit Narayan, Vinod Rathod",BollywoodDance,Devdas,0.9400000000000001
Subah Subah,"Shekhar Ravjiani, Vishal Dadlani, Zubeen Garg",BollywoodDance,I See You,0.95
Pyar Kar,"Lata Mangeshkar, Udit Narayan",BollywoodRomantic,Dil To Pagal Hai,0.93
O Jaana Na Jaana,"Kumar Sanu, Lata Mangeshkar",BollywoodRomantic,Jab Pyar Kisisi Se Hota Hai,0.93
Mhare Hiwra Main Nache Mor,"Alka Yagnik, Anuradha Paudwal, Hariharan, Kavita Krishnamurthy, Kumar Sanu, Udit Narayan",BollywoodDance,Hum Saath-Saath Hain,0.86
Raitaa Phail Gayaa,Divya Kumar,BollywoodDance,Shaandaar,0.9199999999999999
Tere Bina,Rahat Fateh Ali Khan,BollywoodRomantic,Tezz,0.9199999999999999
Sava Dollar (Lavni),Sunidhi Chauhan,BollywoodDance,Aiyyaa,0.9099999999999999
Baba Meri Yeh Jawani,Falguni Pathak,BollywoodDance,Ghaath,0.86
Deewana Main Chala,Udit Narayan,BollywoodDance,Pyaar Kiya To Darna Kya,0.9199999999999999
Zindagi Ki Yahi Reet Hai,Kishore Kumar,BollywoodDance,Mr. India,0.9099999999999999
Chak De,"Sadhana Sargam, Sonu Nigam",BollywoodDance,Hum Tum,0.93
Sirf Tum,"Anuradha Paudwal, Hariharan",BollywoodDance,Sirf Tum,0.86
Chhaliya,"Piyush Mishra, Sunidhi Chauhan",Bollywood,Tashan,0.9400000000000001
Dum Dum Diga Diga,Mukesh,BollywoodDance,Chhalia,0.9199999999999999
Aankhon Ne Tumhari,"Alka Yagnik, Kumar Sanu",BollywoodRomantic,Ishq Vishk,0.93
Janam Janam,Atif Aslam,Bollywood,Phata Poster Nikhla Hero,0.96
Tanha Tanha,"Aditi Paul, Jubin Nautiyal",BollywoodRomantic,Dil Jo Na Keh Saka,0.9
Heer,"Mahalakshmi, Mika Singh",BollywoodRomantic,Baa Baaa Black Sheep,0.8
Wat Wat Wat,"Arijit Singh, Shashwat Singh",BollywoodDance,Tamasha,0.95
Tanha Tanha Ghum Ke Dhunde Dil,"Aditi Paul, Jubin Nautiyal",BollywoodRomantic,Dil Jo Na Keh Saka,0.9
Pyar Ki Raahen,Shaan,BollywoodSad,Bewafaa,0.9400000000000001
Aap Ki Khatir,Himesh Reshammiya,BollywoodRomantic,Aap Ki Khatir,0.93
Saat Rang Mein Khel Rahi Hain,"Amit Kumar, Anuradha Paudwal",BollywoodDance,Aakhir Kyon,0.78
Jaadoo Jaadoo,"Adnan Sami, Alka Yagnik",BollywoodDance,Koi Mil Gaya,0.82
Yaadon Mein,"Cuca Roseta, Jonita Gandhi, Mohammed Irfan",BollywoodSad,Jab Harry Met Sejal,0.96
Dil Deewana Bin Sajna Ke,S.P. Balasubrahmanyam,BollywoodDance,Maine Pyar Kiya,0.9
Chori Chori Chupke Chupke,"Alka Yagnik, Babul Supriyo",BollywoodDance,Chori Chori Chupke Chupke,0.8800000000000001
Behene De,"Karthik, Mohammed Irfan",BollywoodDance,Raavan,0.93
O Re Kanchi,"Alka Yagnik, Shaan",BollywoodDance,Asoka,0.9400000000000001
Rasiya,Shruti Pathak,BollywoodSensual,Kurbaan,0.85
Meri Zindagi Ek Pyaas,"Jaspinder Narula, Shankar Mahadevan",BollywoodSad,Judaai,0.86
Tum Jo Aaye,Rahat Fateh Ali Khan,BollywoodRomantic,Once Upon A Time In Mumbai,0.9400000000000001
Laal Ishq,Arijit Singh,BollywoodSad,Goliyon Ki Rasleela Ram-leela,0.95
Tujhe Jeevan Ki Dor Se,"Lata Mangeshkar, Mohammed Rafi",BollywoodRomantic,Asli Naqli,0.9
Aao Bachho Tumhe Dikhaye,Kavi Pradeep,BollywoodPatriotic,Jagriti,0.93
Mujhse Mohabbat Ka,"Alka Yagnik, Kumar Sanu",BollywoodRomantic,Hum Hain Rahi Pyaar Ke,0.8800000000000001
Mujhe Pyaar Hua,"Abhijeet, Alka Yagnik",BollywoodDance,Judaai,0.77
Satarangi Re,"Kavita Krishnamurthy, Sonu Nigam",BollywoodDance,Dil Se,0.9400000000000001
Mann Ki Lagan,Rahat Fateh Ali Khan,BollywoodSad,Paap,0.9199999999999999
Dil Na Jaane Kyun,"Anushka Manchanda, Atif Aslam",BollywoodDance,Jayantabhai Ki Luv Story,0.95
Usne Bola Kem Che,"Bali Brahmbhatt, Sunidhi Chauhan",BollywoodDance,Jis Desh Main Ganga Rehta Hai,0.89
Sajna Ve Sajna,Sunidhi Chauhan,BollywoodDance,Chameli,0.9400000000000001
Mera Yaar,Javed Bashir,BollywoodRomantic,Bhaag Milkha Bhaag,0.95
Jiyein Kyun,Papon,BollywoodSad,Dum Maaro Dum,0.97
Dil Ki Hai Tamanna,"Neha Bhasin, Shalini Singh, Vijay Prakash",BollywoodDance,Force,0.96
Dum Duma Dum,"Anuradha Paudwal, Udit Narayan",BollywoodDance,Dil,0.8699999999999999
Dil Chahta Hai,Shankar Mahadevan,BollywoodDance,Dil Chahta Hai,0.95
Aai Pappi – Tu Hai Meri Soniye,Neeraj Shridhar,BollywoodDance,Kismat Konnection,0.95
Where’s the Party Tonight,"Loy Mendonsa, Shaan, Shankar Mahadevan, Vasundhara Das",BollywoodDance,Kabhi Alvida Naa Kehna,0.93
Prem Jaal Mein,"Anuradha Sriram, Sukhwinder Singh",BollywoodDanceRomantic,Jis Desh Mein Ganga Rehta Hai,0.8699999999999999
Boi Boi,"Arun Bakshi, Vinod Rathod",BollywoodDance,Laadla,0.8400000000000001
Jeevan Se Bhari Teri Ankhen,Kishore Kumar,BollywoodRomantic,Safar,0.9099999999999999
Teri Pyari Pyari Soorat Ko,Mohammed Rafi,BollywoodRomantic,Sasural,0.9099999999999999
Bas Ek Kinng,"Hard Kaur, Jaaved Jaffrey, Neeraj Shridhar",BollywoodDance,Singh Is Kingh,0.93
Jeena Yahan Marna Yahan,Mukesh,BollywoodSad,Mera Naam Joker,0.8800000000000001
Banarasiya,"Anwesshaa, Meenal Jain, Shreya Ghoshal",BollywoodRomantic,Raanjhanaa,0.93
What’s Going On?,"Kunal Ganjawala, Sunidhi Chauhan",BollywoodDance,Salaam Namaste,0.95
Aye Watan Aye Watan,"Jaspinder Narula, Sukhwinder Singh, Udit Narayan",BollywoodPatriotic,Hindustan Ki Kasam,0.89
Dulhan Hum Le Jayenge,"Alka Yagnik, Kumar Sanu, Sunita Rao",BollywoodRomantic,Dulhan Hum Le Jayenge,0.86
Aa Bhi Ja Sanam,Atif Aslam,BollywoodSad,Prince,0.9400000000000001
Salaam Namaste,"Kunal Ganjawala, Vasundhara Das",BollywoodDance,Salaam Namaste,0.9199999999999999
Mar Jaava,"Merchant, Shruti Pathak",BollywoodSensual,Faraar,0.95
Koi Jaye To Le Aaye,"Alka Yagnik, Anu Malik, Shankar Mahadevan",BollywoodDance,Ghatak,0.9
Tumhi Dekho Naa,"Alka Yagnik, Sonu Nigam",BollywoodRomantic,Kabhi Alvida Naa Kehna,0.97
Sau Dard,"Sonu Nigam, Suzanne",BollywoodSad,Jaan-E-Mann,0.96
Piya Milenge,Sukhwinder Singh,BollywoodSad,Raanjhanna,0.9400000000000001
Chandan Sa Badan,Mukesh,BollywoodRomantic,Saraswatichandra,0.9099999999999999
Kyun (Duet),"Shaan, Shreya Ghoshal",BollywoodSad,Kambakkht Ishq,0.9400000000000001
Alcoholic,Yo Yo Honey Singh,BollywoodDance,The Shaukeens,0.9199999999999999
Jis Gali Mein Tera Ghar,Mukesh,BollywoodRomantic,Kati Patang,0.89
Kurbaan Hua,Vishal Dadlani,BollywoodDance,Kurbaan,0.97
Nagada Nagada,"Javed Ali, Sonu Nigam",BollywoodDance,Jab We Met,0.9199999999999999
Main Tujhse Pyaar Nahin Karta,Papon,BollywoodSad,Baby,0.9400000000000001
Ishq Tera,"Shreya Ghoshal, Sonu Nigam",BollywoodRomantic,Ishq Tera,0.9400000000000001
Oh Jaaniya,"Raj Pandit, Salim Merchant, Shreya Ghoshal",BollywoodRomantic,Wedding Pullav,0.96
Jab Kisiki Taraf Dil,Kumar Sanu,BollywoodRomantic,Pyaar To Hona Hi Tha,0.93
Aye Meri Zindagi – Male Version,"Shreya Ghoshal, Udit Narayan",BollywoodSad,Saaya,0.9099999999999999
Jiya Lage Na,"Ravindra Upadhyay, Sona Mohapatra",BollywoodRomantic,Talaash,0.93
Paas Woh Aane Lage,"Alka Yagnik, Kumar Sanu",BollywoodRomantic,Main Khiladi Tu Anari,0.8800000000000001
Jaane Tere Shehar Ka,Vipin Aneja,Bollywood,Jazbaa,0.97
Pee Paa Pee Paa,Diljit Dosanjh,BollywoodDance,Tere Naal Love Ho Gaya,0.9400000000000001
Ada,Sonu Nigam,BollywoodDance,Garam Masala,0.93
Chupke Chupke Ghoor Na Mujhko,"Anu Malik, Udit Narayan, Vinod Rathod",Bollywood,The Gambler,0.8
Pag Ghungaru Bandh,Kishore Kumar,BollywoodDance,Namak Halaal,0.85
Dekho Zara Kaise Balkhake Chali,Gurdas Maan,BollywoodDance,Sirf Tum,0.8
Aap Ki Kashish,Himesh Reshammiya,BollywoodRomantic,Aashiq Banaya Aapne,0.9400000000000001
Happy Budday,"Shankar Mahadevan, Sukhwinder Singh",BollywoodDance,Kill Dil,0.9199999999999999
Hudd Hudd Dabangg,"Sukhwinder Singh, Wajid",BollywoodDance,Dabangg,0.9099999999999999
Bhool Bhulaiyaa,Neeraj Shridhar,BollywoodDance,Bhool Bhulaiyaa,0.93
Tere Mast Mast Do Nain,"Rahat Fateh Ali Khan, Shreya Ghoshal",BollywoodRomantic,Dabangg,0.9
Jai Ho Tiltle Song,"Armaan Malik, Wajid",BollywoodDance,Jai Ho,0.9199999999999999
High Heels Te Nachche (Remix),"Aditi Singh Sharma, Jaz Dhami, Meet Bros",BollywoodDance,Ki & Ka,0.89
Zinda,Sunidhi Chauhan,Bollywood,Naam Shabana,0.96
Shukran Allah,"Salim Merchant, Shreya Ghoshal, Sonu Nigam",BollywoodRomantic,Kurbaan,0.96
Tere Naina,"Shankar Mahadevan, Shreya Ghoshal",BollywoodRomantic,Chandni Chowk To China,0.96
Mere Mehboob Qayamat Hogi,Kishore Kumar,BollywoodSad,Mr.X In Bombay,0.9099999999999999
Saad Shukrana,Ankit Tiwari,BollywoodRomantic,Mr. X,0.9400000000000001
Honeymoon Ki Raat,Sunidhi Chauhan,BollywoodDance,The Dirty Picture,0.85
Sadda Dil Vi Tu,Hard Kaur,BollywoodDance,ABCD - Any Body Can Dance,0.89
Yeh Jo Halki Halki Khumariya,Rahat Fateh Ali Khan,BollywoodRomantic,Son of Sardaar,0.9199999999999999
Aye Khuda,"Kshitij Tarey, Mithoon, Saim Bhat",BollywoodSad,Murder 2,0.93
Main Hoon Na,Abhijeet,BollywoodSad,Main Hoon Na,0.95
Hum To Tere Aashiq Hain,"Lata Mangeshkar, Mukesh",BollywoodRomantic,Farz,0.8400000000000001
Jugnu Ki Payal,"Shaswati, Zubeen Garg",BollywoodDance,Aan - Men At Work,0.8300000000000001
Woh Ladki Bahut Yaad Aati,"Alka Yagnik, Kumar Sanu",Bollywood,Qayamat,0.8300000000000001
Jai Mata Di,"Alamgir Khan, Javed Ali",BollywoodDevotional,Nanu Ki Jaanu,0.89
Mera Piya Ghar Aaya,Kavita Krishnamurthy,BollywoodDance,Yaraana,0.89
Khushiyon Ka Din Aaya Hai,Anuradha Paudwal,BollywoodDance,Beta,0.8400000000000001
Sooraj Ki Baahon Mein,"Clinton Cerejo, D Cerejo, Loy Mendonsa",BollywoodDance,Zindagi Na Milegi Dobara,0.95
Kuch Toh Hua Hai,Ankit Tiwari,BollywoodRomantic,Singham Returns,0.93
Rabba Main Toh Mar Gaya Oye,Shahid Mallya,BollywoodRomantic,Mausam,0.96
Theher Ja (Remix),Armaan Malik,BollywoodRomantic,October,0.9400000000000001
Jiya Maine Jiya,"Alka Yagnik, Udit Narayan",BollywoodRomantic,Khushi,0.9199999999999999
Kuch To Hua Hai,"Alka Yagnik, Shaan",BollywoodDance,Kal Ho Naa Ho,0.96
Angelina,Sonu Nigam,BollywoodRomantic,Baa Baaa Black Sheep,0.82
Dhoom Again,"Dominique Crezo, Vishal Dadlani",BollywoodDance,Dhoom 2,0.95
Dhinka Chika (Remix),"Amrita Kak, Mika Singh",BollywoodDance,Ready,0.85
Tu Milade,Ankit Tiwari,BollywoodDance,All is Well,0.93
Thoda Thoda Pyar,Sunidhi Chauhan,BollywoodDance,Love Aj Kal,0.9199999999999999
O Mere Raja,"Asha Bhosle, Kishore Kumar",BollywoodDance,Johny Mera Naam,0.85
Gela Gela Gela,"Adnan Sami, Sunidhi Chauhan",BollywoodDance,Aitraaz,0.93
Ik Tu Hi Tu Hi,Hans Raj Hans,BollywoodDevotional,Mausam,0.95
Sultan (Mashup),Multiple,BollywoodDance,Sultan,0.8699999999999999
Kitni Hasrat Hain Humein,"Kumar Sanu, Sadhana Sargam",BollywoodRomantic,Sainik,0.8800000000000001
Aa Jaana Aa Jaana,"Alka Yagnik, Kumar Sanu",BollywoodRomantic,Coolie No. 1,0.86
Har Dil Jo Pyar Karega,"Lata Mangeshkar, Mahendra Kapoor, Mukesh",BollywoodDance,Sangam,0.8699999999999999
Morey Piya,Udit Narayan,BollywoodRomantic,Devdas,0.9099999999999999
Kate Nahin Kat Te,"Alisha Chinai, Kishore Kumar",BollywoodRomantic,Mr. India,0.89
Tu,Kumar Sanu,Bollywood,Dum Laga Ke Haisha,0.95
Mujhse Huee Bas Yeh,Alka Yagnik,BollywoodSad,Ishq Vishk,0.96
Nakhriley,"Ali Zafar, Gulzar, Mahalakshmi Iyer, Shankar Mahadevan",BollywoodDance,Kill Dil,0.93
Tandoori Nights,"Himesh Reshammiya, Sunidhi Chauhan",BollywoodDance,Karzzz,0.8800000000000001
Kya Raaz Hai,"Shreya Ghoshal, Zubeen Garg",BollywoodDance,Raaz 3,0.9
Tum Toh Dhokabaaz Ho,"Alka Yagnik, Kumar Sanu",Bollywood,Saajan Chale Sasural,0.9
Lucky Boy,"Hard Kaur, Raja Hassan, Sunidhi Chauhan",BollywoodDance,Bachna Ae Haseeno,0.9400000000000001
Aye Manya,"Adnan Sami, Shaan",BollywoodDance,Shootout at Wadala,0.9199999999999999
Ladki Hai Ya Shola,"Kishore Kumar, Lata Mangeshkar",BollywoodDance,Silsila,0.85
Yeh Mera Dil Yaar Ka Diwana,Asha Bhosle,BollywoodDance,Don,0.8800000000000001
Babuji Zara Dheere Chalo,Sonu Kakkar,BollywoodDance,Dum,0.9199999999999999
Aankhon Aankhon (Remix),Yo Yo Honey Singh,BollywoodDance,Bhaag Johnny,0.9199999999999999
Ek Duje Ke Vaaste,"Hariharan, Lata Mangeshkar",BollywoodRomantic,Dil Toh Pagal Hai,0.9099999999999999
Hey Ya I See You Walking,"Loy Mendonsa, Shankar Mahadevan",BollywoodDance,Karthik Calling Karthik,0.95
More Haji Piya,Amjad Farid Sabri,BollywoodDevotional,Halla Bol,0.89
Tere Mere Beech Mein,"Mohit Chauhan, Sunidhi Chauhan",BollywoodRomantic,Shuddh Desi Romance,0.86
Ye Ladki Nahin Banaras Ka Paan,"Bela Sulakhe, Sonu Nigam",BollywoodDance,Khullam Khulla Pyaar Karen,0.8400000000000001
Kai Baar Yun Bhi Dekha Hai,Mukesh,BollywoodRomantic,Rajnigandha,0.9199999999999999
Pakeezah,Gulraj Singh,Bollywood,Ungli,0.95
Dam Bhar Jo Udhar Munh Phere,"Lata Mangeshkar, Mukesh",BollywoodDance,Awaara,0.86
Bade Armanon Se,"Lata Mangeshkar, Mukesh",BollywoodDance,Malhar,0.86
Challa Chaap Chunariya,Rekha Bhardwaj,Bollywood,Daas Dev,0.79
Chal Akela Chal Akela,Mukesh,BollywoodDance,Sambandh,0.8699999999999999
De De Pyaar De,Kishore Kumar,BollywoodDance,Sharaabi,0.8800000000000001
Behti Hawa Sa Tha Woh,"Shaan, Shantanu Moitra",BollywoodSad,3 Idiots,0.9400000000000001
Dil Ye Dancer Ho Gaya,Atif Aslam,Bollywood,Actor In Law,0.95
Mor Bani Thanghat Kare,"Aditi Paul, Osman Mir",BollywoodDance,Ram-Leela,0.93
Gore Gore Se,Alka Yagnik,BollywoodDance,Hum Tum,0.9400000000000001
Sanam Teri Kasam (Reprise),"Mohammed Irfan, Palak Muchhal",BollywoodSad,Sanam Teri Kasam,0.9400000000000001
School Ke Din,Sonu Nigam,BollywoodDance,Always Kabhi Kabhi,0.96
Yeh Mera Prem Patra,Mohammed Rafi,BollywoodRomantic,Sangam,0.8699999999999999
Jiska Koi Nahin,Manna Dey,BollywoodMotivational,Laawaris,0.8800000000000001
Chalo Ek Bar Phir Se,Mahendra Kapoor,BollywoodSad,Gumrah,0.95
Kab Ke Bichhde Hue,"Asha Bhosle, Kishore Kumar",BollywoodRomantic,Laawaris,0.8400000000000001
Aaj Ibaadat,"Altamash Faridi, Javed Bashir, Shadab Faridi, Shashi Suman, Shreyas Puranik",BollywoodDevotional,Bajirao Mastani,0.95
Peepal Ke Patwa,"Jaspinder Narula, Sonu Nigam",BollywoodDance,Sooryavansham,0.79
Pukarta Chala Hoon Main,Mohammed Rafi,Bollywood,Mere Sanam,0.9400000000000001
Meri Bindiya Teri Nindiya,Lata Mangeshkar,BollywoodRomantic,Lamhe,0.9
Ranga Re,Shreya Ghoshal,BollywoodDance,Tutak Tutak Tutiya,0.9199999999999999
Kaun Kisi Ko Baandh Saka,Mohammed Rafi,BollywoodDance,Kaalia,0.8800000000000001
Dekhiye Aji Jaaneman,"Alka Yagnik, Udit Narayan",BollywoodRomantic,Kya Kehna,0.8800000000000001
Jis Desh Mein Ganga Rehta Hai,Abhijeet,BollywoodDance,Jis Desh Mein Rehta Hai,0.8300000000000001
Kambal Ke Neeche,"Aaman Trikha, Aishwarya Majmudar, Neeti Mohan, Sanchita Bhattachayra",BollywoodDance,Kaanchi,0.8300000000000001
Maine Tere Liye,Mukesh,BollywoodDance,Anand,0.9400000000000001
Teri Zulfon Se Judai To,Mohammed Rafi,BollywoodRomantic,Jab Pyar Kisi Se Hota Hai,0.8699999999999999
Salamat Rahe Dostana Hamara,"Kishore Kumar, Mohammed Rafi",Bollywood,Dostana,0.8800000000000001
Humne Ghar Choda Hai,"Sadhana Sargam, Udit Narayan",BollywoodRomantic,Dil,0.8300000000000001
Teri Bindiya Re,"Lata Mangeshkar, Mohammed Rafi",BollywoodRomantic,Abhimaan,0.9
Barbaad Raat,"Sanam Puri, Shalmali Kholgade",BollywoodDance,Humshakals,0.9
Ghoonghat Ki Aadh Se,"Alka Yagnik, Kumar Sanu",BollywoodRomantic,Hum Hain Rahi Pyaar Ke,0.89
Chaska,Krishna Beura,BollywoodDance,Badmaash Company,0.93
Megha Re Megha Re,"Ila Arun, Lata Mangeshkar",BollywoodDance,Lamhe,0.86
Move Your Body Now,"Akriti Kakar, Hard Kaur, Shaan, Suhail",BollywoodDance,Kismat Konnection,0.96
Humen Kash Tumse Mohabbat,Lata Mangeshkar,BollywoodSad,Mughal-E-Azam,0.85
Manmarziyan,"Amit Trivedi, Shilpa Rao",BollywoodRomantic,Lootera,0.96
Bismillah,Anupam Amod,BollywoodDance,Once Upon,0.8800000000000001
Mohabbat Ke,"Himesh Reshammiya, Tulsi Kumar",BollywoodDance,Aksar,0.9199999999999999
Fatal Attraction,"Natalie Di Luccio, Salim Merchant",BollywoodDance,Ladies Vs Ricky Bahl,0.95
Khol De Baahein,Monali Thakur,BollywoodRomantic,Meri Pyaari Bindu,0.93
Pehla Pehla Pyar,S.P. Balasubrahmanyam,BollywoodRomantic,Hum Aapke Hain Koun,0.8800000000000001
Bhaage Re Mann,Sunidhi Chauhan,BollywoodDance,Chameli,0.95
Yeh Tera Ghar Yeh Mera Ghar,Jagjit Singh,Bollywood,Saath Saath,0.9099999999999999
Hai Re Hai Re,"Hema Sardesai, KK",BollywoodDance,Khushi,0.93
Hum Laye Hain Toofan Se Kashti Nikal Ke,Mohammed Rafi,BollywoodPatriotic,Jagriti,0.9099999999999999
Meri Aawargi,Himesh Reshammiya,BollywoodDance,Good Boy Bad Boy,0.9199999999999999
Ghum Shuda,Sonu Nigam,BollywoodDance,Chalte Chalte,0.95
Ghar,"Mohit Chauhan, Nikhita Gandhi",BollywoodSad,Jab Harry Met Sejal,0.97
Tera Rastaa Chodun Na,"Amitabh Bhattacharya, Anusha Mani",BollywoodRomantic,Chennai Express,0.93
Neela Aasman So Gaya,Amitabh Bachchan,BollywoodRomantic,Silsila,0.8800000000000001
Mera Yaar Mila De,A.R. Rahman,BollywoodSad,Saathiya,0.9199999999999999
Sakhiya,Tulsi Kumar,BollywoodDance,Bhool Bhulaiyaa,0.9
Dil Tadap Tadap Ke Kah Raha,"Lata Mangeshkar, Mukesh",BollywoodRomantic,Madhumati,0.9199999999999999
Kaise Piya Se,Lata Mangeshkar,BollywoodRomantic,Bewafaa,0.8699999999999999
Aaj Din Chadheya,Rahat Fateh Ali Khan,BollywoodRomantic,Love Aaj Kal,0.9400000000000001
Jai Ho,Wajid,BollywoodDance,Jai Ho,0.9
Kiss Me Baby – Title Song,Adnan Sami,BollywoodDance,Garam Masala,0.9400000000000001
Kehkasha Tu Meri,Shekhar Ravjiani,BollywoodMotivational,Akira,0.95
Raat Ke Dhai Baje,"Earl, Kunal Ganjawala, Rekha Bhardwaj, Suresh Wadkar",BollywoodDance,Kaminey,0.95
Rama Re,"Shaan, Zubeen Garg",Bollywood,Kaante,0.93
Hairat,Lucky Ali,BollywoodDance,Anjaana Anjaani,0.96
Dukki Tikki,Mika Singh,BollywoodDance,Raja Natwarlal,0.9400000000000001
Ajib Dastan Hai Yeh,Lata Mangeshkar,BollywoodDance,Dil Apna Aur Preet Parai,0.9400000000000001
Shikayatein,Amit Trivedi,BollywoodSad,Lootera,0.95
Genda Phool,"Rajat Dholakia, Shraddha Pandit, Sujata Majumdar, V.N. Mahathi",BollywoodDance,Delhi-6,0.9400000000000001
Laagi Laagi,"Himesh Reshammiya, Sunidhi Chauhan",BollywoodRomantic,Aksar,0.9099999999999999
Rafu,Ronkini Gupta,BollywoodDance,Tumhari Sulu,0.9099999999999999
Saturday Saturday (Remix),"Akriti Kakar, Badshah, Indeep Bakshi, Toshi Sabri",BollywoodDance,Humpty Sharma Ki Dulhania,0.9
Saajna (Unplugged),Falak Shabir,BollywoodRomantic,I Me Aur Mein,0.96
Jannatein Kahan,K.K.,BollywoodDance,Jannat 2,0.97
Meri Zindagi Mein Ajnabee,"Kumar Sanu, Sunidhi Chauhan",BollywoodRomantic,Ajnabee,0.9
Mere Watan Mein Maine,"Alka Yagnik, Suresh Wadkar",BollywoodDance,Khuda Gawah,0.8300000000000001
Namak,"Rakesh Pandit, Rekha Bhardwaj",BollywoodDance,Asoka,0.9199999999999999
Tinka Tinka,Alisha Chinai,BollywoodRomantic,Karam,0.95
Main Chali,"Naresh Iyer, Shreya Ghoshal",BollywoodDance,Force,0.95
Suhana Safar Aur Yeh Mausam,Mukesh,BollywoodDance,Madhumati,0.93
Pal Pal… Har Pal,"Shreya Ghoshal, Sonu Nigam",BollywoodRomantic,Lage Raho Munna Bhai,0.93
Khoya Khoya Chand Khula Aasman,Mohammed Rafi,BollywoodRomantic,Kala Bazar,0.95
Ajab Leher Hai Meri,"Neeraj Shridhar, Rhys D'souza, Vishal Dadlani",BollywoodDance,Break Up Ke Baad,0.9400000000000001
Aaja Aaja …Yaad Sataye,"Kavita Krishnamurthy, Udit Narayan",BollywoodRomantic,Raja Babu,0.8400000000000001
Jalebi Bai,Sunidhi Chauhan,BollywoodDance,Double Dhammal,0.9199999999999999
Desi Look (Remix),Kanika Kapoor,BollywoodDance,Ek Paheli Leela,0.95
Meri Shaadi Karvado,"Sapna Awasthi Singh, Udit Narayan",BollywoodDance,Jis Desh Mein Ganga Rehta Hai,0.8800000000000001
Nazrein Milaana Nazrein Churaana,"Anupama Deshpande, Benny Dayal, Darshana, Naresh Iyer, Satish Chakravarthy, Swetha Bhargavee, Tanvi",BollywoodDance,Jaane Tu Ya Jaane Na,0.96
Kabhi Main Kahon Kabhi Tu Kahe,"Hariharan, Lata Mangeshkar",BollywoodRomantic,Lamhe,0.9
Mangalayam,"K.K., Kunal, Shaan, Sreenivas",BollywoodDance,Saathiya,0.96
Naina Mile,"A.R. Rahman, Suzanne D'Mello",BollywoodDance,Robot,0.9
Phir Wahi,Arijit Singh,BollywoodSad,Jagga Jasoos,0.95
Kahin Deep Jale Kahin Dil,Lata Mangeshkar,BollywoodSad,Bees Saal Baad,0.9099999999999999
I Feel Good,"Shilpa Rao, Vishal Dadlani",BollywoodDanceRomantic,Anjaana Anjaani,0.95
Mere Bhaiyaa Mere Chanda,Asha Bhosle,Bollywood,Kaajal,0.86
Taiyabali Pyar Ka Dushman,Javed Ali,BollywoodDance,Once Upon A Time In Mumbaai Dobara,0.8800000000000001
Kahe Paise Pe,Kishore Kumar,BollywoodDance,Laawaris,0.8300000000000001
Muskaanein Jhooti Hai,Suman Sridhar,BollywoodRomantic,Talaash,0.95
Main Naa Bhoolunga I,"Lata Mangeshkar, Mukesh",BollywoodRomantic,Roti Kapada Aur Makaan,0.8400000000000001
Allah Hafiz,K.K.,BollywoodDance,Bhool Bhulaiyaa,0.95
20-20,"Anu Malik, Mamta Sharma, Shadaab",BollywoodDance,Welcome Back,0.75
Des Mere Des,"A.R. Rahman, Sukhwinder Singh",BollywoodPatriotic,The Legend Of Bhagat Singh,0.97
Besharmi Ki Height (Remix),"Benny Dayal, Shalmali Kholgade",BollywoodDance,Main Tera Hero,0.93
Moh Moh Ke Dhaage (Female),Monali Thakur,BollywoodRomance,Dum Laga Ke Haisha,0.9199999999999999
Kharaa Kharaa,Sonu Kakkar,BollywoodRomance,Fever,0.95
De Di Azadi Hamen Bina,Asha Bhosle,BollywoodPatriotic,Jagriti,0.8699999999999999
Tum Ladki Ho,"Lata Mangeshkar, S.P. Balasubrahmanyam, Shailendra Singh, Usha Mangeshkar",Bollywood,Maine Pyar Kiya,0.9
Katiya Karun,Harshdeep Kaur,BollywoodDance,Rockstar,0.93
Lakhon Hain Nigahon Mein,Mohammed Rafi,BollywoodDance,Phir Wohi Dil Laya Hoon,0.9199999999999999
Arziyan,"Javed Ali, Kailash Kher",Bollywood,Delhi-6,0.97
Jaadu Tone Waaliyan,Shabab Sabri,BollywoodDance,Daawat e Ishq,0.9
Junooniyat,"Falak Shabir, Meet Bros",BollywoodRomantic,Sanam Re,0.97
Tamma Tamma Loge,"Anuradha Paudwal, Bappi Lahiri",BollywoodDance,Thanedaar,0.8699999999999999
Chhote Chhote Peg (Remix),"Navraj Hans, Neha Kakkar, Yo Yo Honey Singh",BollywoodDance,Sonu Ke Titu Ki Sweety,0.9199999999999999
Mehfil Mein Bar Bar,"Alka Yagnik, Kumar Sanu",BollywoodDance,Soldier,0.9199999999999999
O Soniye Dil Jaaniye,"Alka Yagnik, Kumar Sanu, Sonu Nigam",BollywoodRomantic,Kya Kehna,0.8800000000000001
Dil Mera Churaya Kyun,Kumar Sanu,BollywoodSad,Akele Hum Akele Tum,0.93
Ooee Baba,"Abhijeet, Alka Yagnik, Sapna Mukherjee",BollywoodDance,Judaai,0.8699999999999999
Mera Dil Bhi Kitna Pagal Hai,"Alka Yagnik, Kumar Sanu, S.P. Balasubrahmanyam",BollywoodRomantic,Saajan,0.9
Fitoori,"Aishwarya Bhandari, Ganesh Chandanshive, Vaishali Bhaisne",BollywoodDance,Bajirao Mastani,0.9400000000000001
Small Town Girl,"Himani Kapoor, Shekhar Ravjiani, Sukhwinder Singh",BollywoodDance,Bachna Ae Haseeno,0.93
Do Pal,"Lata Mangeshkar, Sonu Nigam",BollywoodRomanticSad,Veer Zaara,0.9400000000000001
Har Ek Friend Kamina Hota Hai,Sonu Nigam,BollywoodDance,Chashme Baddoor,0.96
Jab Se Tumko Dekha,"Asha Bhosle, Kishore Kumar",BollywoodRomantic,Kaalia,0.8800000000000001
Lamha Lamha,Abhijeet,BollywoodRomance,Gangster,0.9400000000000001
Raat Baaqi Baat Baaqi,"Asha Bhosle, Bappi Lahiri, Basavalingaiah Hiremath, Shashi Kapoor",BollywoodDance,Namak Halaal,0.9
Aankhon Mein Neendein,"Rahat Fateh Ali Khan, Shankar Mahadevan, Shreya Ghoshal",BollywoodRomantic,We Are Family,0.96
Tumsa Nahin Dekha,Mohammed Rafi,BollywoodRomantic,Tumsa Nahin Dekha,0.9400000000000001
Hey Ooi Amma Ooi Amma,Poornima,BollywoodDance,Raja Babu,0.86
Jaage Hain,"A.R. Rahman, K. S. Chithra",BollywoodSad,Guru,0.95
Koi Jab Tumhara Hriday Tod De,Mukesh,BollywoodSad,Purab Aur Pachim,0.9099999999999999
Mashallah (Remix),"Shreya Ghoshal, Wajid",BollywoodDance,Ek Tha Tiger,0.89
Mere Khwabon Mein Jo Aaye,Alka Yagnik,BollywoodDance,Soldier,0.86
Chali Kahani,"Haricharan, Haripriya, Sukhwinder Singh",BollywoodDance,Tamasha,0.95
Saddi Dilli,Millind Gaba,BollywoodDance,Dilliwaali Zaalim Girlfriend,0.96
Dum Dum,"Romy, Vivek Hariharan",BollywoodRomantic,Phillauri,0.95
Dil Ko Aaya Sukoon,"Hiral Brahmbhatt, Rahat Fateh Ali Khan",Bollywood,Rangrezz,0.93
Kya Tujhe Ab Ye Dil Bataye,Falak Shabir,BollywoodRomantic,Sanam Re,0.97
Rabba Meray Haal Da Mehram Tu,"Amit Mishra, Sumeet Anand",BollywoodDevotional,Guest In London,0.93
Woh Lamhe Woh Baatein,Atif Aslam,BollywoodSad,Zeher,0.9400000000000001
Chot Dil Pe Lagi,"Alisha Chinai, Kumar Sanu",BollywoodRomantic,Ishq Vishk,0.93
Lagi Aaj Sawan Ki,"Anupama Deshpande, Suresh Wadkar",BollywoodRomantic,Chandni,0.8699999999999999
Pyaar Ki Ek Kahani,"Shreya Ghosal, Sonu Nigam",BollywoodDanceRomantic,Krrish,0.93
Tip Tip Barsa Pani,"Alka Yagnik, Udit Narayan",BollywoodDance,Mohra,0.8300000000000001
Tujhko Mera Pyar Pukare,"Asha Bhosle, Mahendra Kapoor",BollywoodRomantic,Gumrah,0.8400000000000001
Talli,"Anmol Malik, Hard Kaur, Mika Singh",BollywoodDance,Ugly Aur Pagli,0.9199999999999999
Tonight,Suman Sridhar,BollywoodRomantic,Love Ka The End,0.9199999999999999
Ayaashi,K.K.,BollywoodDance,Badmaash Company,0.9400000000000001
Ishqe Di Lat,Ankit Tiwari,BollywoodRomantic,Junooniyat,0.9400000000000001
Saawan Ke Jhoolon Ne,Mohammad Aziz,BollywoodDance,Nigahen,0.8099999999999999
Pyar Ho (Redux),Sunidhi Chauhan,Bollywood,Munna Michael,0.9400000000000001
Neela Dupatta,"Abhijeet, Alka Yagnik",BollywoodDance,Hameshaa,0.8699999999999999
Aap Yun Hi Agar Humse Milte Rahe,"Asha Bhosle, Mohammed Rafi",BollywoodRomantic,Ek Musafir Ek Hasina,0.9099999999999999
Dil Jo Na Keh Saka,"Shail Hada, Shreya Ghoshal",BollywoodSad,Dil Jo Na Keh Saka,0.86
Aankhon Ki Gustakhiyan Maaf Ho,"Karsan Sangathia, Kavita Krishnamurthy",BollywoodRomantic,Hum Dil De Chuke Sanam,0.8300000000000001
Meher Hai Rab Di,"Khushhboo Grewal, Mika Singh",BollywoodDance,Welcome To New York,0.9
Tere Ghar Ke Samne,"Lata Mangeshkar, Mohammed Rafi",BollywoodDance,Tere Ghar Ke Samne,0.8099999999999999
Inteha Ho Gayi Intezaar Ki,"Asha Bhosle, Bappi Lahiri",BollywoodSad,Sharaabi,0.9
Dil Ka Koi Tukda,"Hariharan, Kavita Krishnamurthy",BollywoodSad,Kya Kehna,0.93
Dhadkane Saansein Jawani,"Anuradha Paudwal, Pankaj Udhas",BollywoodDance,Beta,0.78
Dil Tera Diwana,"Lata Mangeshkar, Mohammed Rafi",BollywoodRomantic,Dil Tera Deewana,0.9
Ek Lo Ek Muft,Bappi Lahiri,BollywoodDance,Guru,0.9099999999999999
Maine Pyar Kiya,S.P. Balasubrahmanyam,BollywoodDance,Maine Pyar Kiya,0.86
Chaar Dina Ki,"Imran Khan, Pankaj Kapur, Prem Dehati",BollywoodDance,Matru Ki Bijlee Ka Mandola,0.8800000000000001
Piya Tu Ab To Aaja,Asha Bhosle,BollywoodDance,Caravaan,0.9099999999999999
Tu Meri (Remix),Vishal Dadlani,BollywoodDance,Bang bang,0.93
Kitne Bhi Tu Karle Sitam,Asha Bhosle,BollywoodSad,Sanam Teri Kasam,0.89
Jab Mila Tu,Vishal Dadlani,BollywoodRomantic,I Hate Luv Storys,0.97
O Mere Majhi Mere Sajan Hai,S. D. Burman,BollywoodSad,Bandini,0.9199999999999999
Churao Na Dil,"Kavita Krishnamurthy, Udit Narayan",BollywoodRomantic,Deewane,0.9099999999999999
Mujhe Raat Din Bas,Sonu Nigam,BollywoodRomantic,Sangharsh,0.93
Main Nai Jaana Pardes,Shafqat Amanat Ali,BollywoodSad,Tevar,0.95
Chikini Chameli (Remix),Shreya Ghoshal,BollywoodDance,Agneepath,0.9
Jane Na Nazar Pehchane Jigar,"Lata Mangeshkar, Mukesh",BollywoodRomantic,Aah,0.9
Tu Mohabbat Hai,"Atif Aslam, Monali Thakur",BollywoodRomantic,Tere Naal Love Ho Gaya,0.96
O Re Khuda,"Adnan Sami, Javed Basheer",BollywoodRomantic,Rush,0.9400000000000001
Sar Se Sarke,"Kishore Kumar, Lata Mangeshkar",BollywoodRomantic,Silsila,0.8699999999999999
Humko Tumse Ho Gaya Hai Pyar,"Kishore Kumar, Lata Mangeshkar, Mohammed Rafi, Mukesh",BollywoodDance,Amar Akbar Anthony,0.8699999999999999
Dhik Ta Na Na – Duet,"Poornima, Udit Narayan",BollywoodRomantic,Laadla,0.89
Jaane Kahan Mera Jigar Gaya Ji,"Geeta Dutt, Mohammed Rafi",BollywoodRomantic,Mr. and Mrs. 55,0.95
Chaar Shanivaar,"Armaan Malik, Badshah, Vishal Dadlani",BollywoodDance,All is Well,0.89
Dancing Jodi,"Labh Janjua, Sunidhi Chauhan",BollywoodDance,Rab Ne Bana Di Jodi,0.93
Tera Bemar Mera Dil,"Kavita Krishnamurthy, Mohammad Aziz",BollywoodDance,Chaalbaaz,0.8800000000000001
Ishq Ki Galee,"Jayesh Gandhi, Rahat Fateh Ali Khan",BollywoodSad,Bollywood HeightsMilenge Milenge,0.8800000000000001
Piya Piya O Piya,"Pinky, Prashant, Preeti",BollywoodDance,Har Dil Jo Pyar Karega,0.93
Tune Bechain Itna Ziada Kiya,"Anuradha Paudwal, Mohammad Aziz",BollywoodRomantic,Nagina,0.78
Rozaana,Salim Merchant,BollywoodRomantic,Love Breakups Zindagi,0.96
Baawra,"Gulzar, Nihira Joshi Deshpande, Shankar Mahadevan",BollywoodSad,Kill Dil,0.89
O Humdum Suniyo Re,"K.K., Kunal, Pravin Mani, Shaan",BollywoodDance,Saathiya,0.95
Hookah Bar (Remix),"Aman Trikha, Himesh Reshammiya, Vineet Singh",BollywoodDance,Khiladi 786,0.93
Bismil,Sukhwinder Singh,BollywoodDance,Haider,0.96
Jadugar Ka Jadoo,Suresh Wadkar,BollywoodDance,Toofan,0.8699999999999999
Pyar Chahiye Mujhe Jine Ke Liye,Unknown,BollywoodRomantic,Manokaamnaa,0.9099999999999999
Assalaam Vaalekum,Himesh Reshammiya,BollywoodDance,Aap Kaa Surroor,0.8800000000000001
Yeh Desh Hai Veer Jawanon Kaa,Mohammed Rafi,BollywoodPatriotic,Naya Daur,0.8699999999999999
Kismat Se Tum Hum Ko Mile,"Anuradha Paudwal, Sonu Nigam",BollywoodSad,Pukar,0.9199999999999999
Hip Hip Huraah,Sonu Kakkar,BollywoodDance,Mere Dad Ki Maruti,0.9199999999999999
Ankahee,Amit Trivedi,BollywoodRomantic,Lootera,0.96
Foolishq,"Armaan Malik, Shreya Ghoshal",BollywoodRomantic,Ki & Ka,0.9199999999999999
Dil Diwana,Sonu Nigam,BollywoodDance,Jawani Diwani,0.9199999999999999
Guest In London,"Amit Mishra, Navendu Tripathi",BollywoodDance,Guest In London,0.9099999999999999
Love You Till The End,Armaan Malik,BollywoodDanceRomantic,Jai Ho,0.96
Mera Yaar Bana Hai Dulha,Mohammed Rafi,BollywoodDance,Chaudhvin Ka Chand,0.85
Jab Tak Hai Jaan Mashup,Multiple,BollywoodDance,Jab Tak Hai Jaan,0.95
Pump It (The Workout Song),"Meet Bros, Yash Narvekar",BollywoodDance,Ki & Ka,0.9099999999999999
Pyar Nahin Karna,"Alka Yagnik, Kumar Sanu",BollywoodRomantic,Kachche Dhaage,0.86
Bichdann,Rahat Fateh Ali Khan,BollywoodSad,Son of Sardaar,0.8800000000000001
Raghupati Raghav,"Alka Yagnik, Shankar Mahadevan",BollywoodDance,Kuch Kuch Hota Hai,0.9400000000000001
Show Me Your Jalwa,"Kailash Kher, Richa Sharma, Salim Merchant",BollywoodDance,Aaja Nachle,0.9400000000000001
Fevicol Se (Remix),"Mamta Sharma, Wajid",BollywoodDance,Dabangg 2,0.86
Ay Sakhi,"Aanchal Sethi, Chinmayi Sripaada, Madhushree, Vaishali Samant",Bollywood,Raanjhanaa,0.93
Kahin Karti Hogi Woh Mera Intezar,Mukesh,BollywoodDance,Phir Kab Milogi,0.89
Khamakhaa,"Ayushman Khurana, Neeti Mohan",BollywoodRomance,Bewakoofiaan,0.9400000000000001
Jhoot Nahin Bolna,"Himesh Reshammiya, Shreya Ghoshal",BollywoodDance,Aap Kaa Surroor,0.8699999999999999
Ik Junoon,Vishal Dadlani,BollywoodDance,Zindagi Na Milegi Dobara,0.95
Aafaton Ke Parinde,"Divya Kumar, Suraj Jagan",BollywoodDance,Ishaqzaade,0.9400000000000001
Dilrubaon Ke Jalwe,"Amit Kumar, Monali Thakur",BollywoodDance,Dulha Mil Gaya,0.9400000000000001
Pak Chik Pak,"Anand, Jolly Mukherjee, Vinod Rathod",BollywoodDanceRomantic,Raja Babu,0.9199999999999999
Bhangra Bistar,"Alisha Chinoy, Hard Kaur, Sunidhi Chauhan",BollywoodDance,Dil Bole Hadippa!,0.9199999999999999
Baawre,"Loy Mendonsa, Shankar Mahadevan",BollywoodDance,Luck By Chance,0.95
Chhalka Chhalka Re,"Mahalaxmi, Richa Sharma, Shoma, Vaishali",BollywoodDance,Saathiya,0.9099999999999999
Kya Mujhe Pyar Hai,K.K.,BollywoodRomantic,Woh Lamhe,0.96
Mere Khwabon Mein Tu,"Alka Yagnik, Kumar Sanu",BollywoodRomantic,Gupt,0.9
Lets Rock Soniye,"Shaan, Tulsi Kumar",BollywoodDance,Bhool Bhulaiyaa,0.9400000000000001
Khaana Khaake,"Amit, Amitabh Bhattacharya, Antara, Aroh, Ashwin, Geet Sagar, June, Pritam, Sunny, Tushar",BollywoodDance,Jagga Jasoos,0.85
Tumse Jo Dekhte Hi Pyar Hua,"Lata Mangeshkar, S.P. Balasubrahmanyam",BollywoodDance,Patthar Ke Phool,0.9
Roja Jaaneman,Hariharan,BollywoodRomantic,Roja,0.95
Udte Badal Se Poochho,Alka Yagnik,Bollywood,Sangraam,0.77
Meri Wafayen Yaad Karoge,"Asha Bhosle, Kumar Sanu",BollywoodSad,Sainik,0.8800000000000001
Phool Maangu Na Bahaar Maangu,"Alka Yagnik, Udit Narayan",BollywoodDance,Raja,0.86
Jaaneman Jaane Jaan,"Alka Yagnik, Sonu Nigam",BollywoodDance,Kya Kehna,0.8800000000000001
Dil Samander,"K.K., Sunidhi Chauhan",BollywoodDance,Garam Masala,0.9199999999999999
Seena Pada,"Shreya Ghoshal, Udit Narayan",BollywoodSad,Saaya,0.9099999999999999
Bahut Pyar Karte Hai (Male Version),S.P. Balasubrahmanyam,BollywoodDance,Saajan,0.9199999999999999
Baari Barsi,"Harshdeep Kaur, Salim Merchant",BollywoodDance,Band Baaja Baaraat,0.9099999999999999
Jahan Mil Jayen Chaar Yaar,"Amitabh Bachchan, Kishore Kumar",BollywoodDance,Sharaabi,0.89
Saajan Aayo Re,"A.R. Rahman, Jonita Gandhi, Nakash Aziz",BollywoodRomantic,Ok Jaanu,0.96
Fukraa,"Hard Kaur, Jazzy B",BollywoodDance,Rush,0.93
Kehdoon Tumhen,"Asha Bhosle, Kishore Kumar",BollywoodRomantic,Deewaar,0.93
Is Pal,"Shreya Ghoshal, Sonu Nigam",BollywoodRomantic,Aaja Nachle,0.96
Senorita (Remix),"Abhay Deol, Farhan Akhtar, Hrithik Roshan",BollywoodDance,Zindagi Na Milegi Dobara,0.9400000000000001
Aa Zara,Sunidhi Chauhan,BollywoodRomantic,Murder 2,0.95
Naina Lad Jaihen,Mohammed Rafi,BollywoodDance,Gunga Jumna,0.8699999999999999
Dil Kya Kare,Adnan Sami,BollywoodRomantic,Salaam-E-Ishq,0.95
Chupke Se,"Murtuza, Qadir, Sadhana Sargam",BollywoodRomantic,Saathiya,0.96
Dard Ka Pata,"Mohammed Irfan, Sam",BollywoodSad,Gandhigiri,0.9400000000000001
Aaj Na Chhodenge,"Kishore Kumar, Lata Mangeshkar",BollywoodDance,Kati Patang,0.82
Mere Sang,Sunidhi Chauhan,BollywoodRomantic,New York,0.95
Jab Se Hum Tere,"Alka Yagnik, Kumar Sanu",BollywoodDance,Krantiveer,0.85
Allah Hi Reham,Ustad Rashid Khan,BollywoodRomantic,My Name is Khan,0.96
Ajnabi Shehar,Sonu Nigam,BollywoodRomantic,Jaan-E-Mann,0.95
Auva Auva Koi Yahan Nache,Bappi Lahiri,BollywoodDance,Disco Dancer,0.9099999999999999
Roy Mashup,Multiple,BollywoodDance,Roy,0.89
Mujse Shaadi Karogi,"Alka Yagnik, Kumar Sanu, Shankar Mahadevan, Suresh Wadkar",BollywoodRomantic,Dulhan Hum Le Jayenge,0.8800000000000001
Mohe Panghat Pe,Lata Mangeshkar,BollywoodDevotional,Mughal-E-Azam,0.9099999999999999
Tauba Main Vyaah Karke Pachtaya,"Poorvi Koutish, Shahid Malya",BollywoodDance,Shaadi Ke Side Effects,0.9099999999999999
Chura Lo Dil Mera,"Kumar Sanu, Sanjivani",BollywoodRomantic,Kareeb,0.93
Tere Bina Tere Bina,"Alka Yagnik, Shaan",BollywoodDance,Khushi,0.9400000000000001
Pyaar Tune Kya Kiya,"Alka Yagnik, Sonu Nigam",BollywoodDance,Pyaar Tune Kya Kiya,0.93
Der Na Ho Jaye Kahin,"Lata Mangeshkar, Mohammad Sayeed, Suresh Wadkar",BollywoodDance,Henna,0.79
Mujhko Neend Aa Rahi Hai,"Sonu Nigam, Sunidhi Chauhan",BollywoodRomantic,Ajnabee,0.7
Samajh Kar Chand Jis Ko,"Alka Yagnik, Vinod Rathod",BollywoodRomantic,Baazigar,0.86
Labon Ko,K.K.,BollywoodRomantic,Bhool Bhulaiyaa,0.95
Rehna Tu,"A.R. Rahman, Benny Dayal, Tanvi",BollywoodRomantic,Delhi-6,0.96
Hass Nache Le,Shahid Mallya,BollywoodDance,Udta Punjab,0.96
Dhai Akhar,Mohammed Irfan,BollywoodRomantic,Ishq Click,0.9099999999999999
Chennai Express Mashup,Multiple,BollywoodDance,Chennai Express,0.9099999999999999
Aaja Aaja Re Tujhko,"Asha Bhosle, Mahendra Kapoor",BollywoodRomantic,Gumrah,0.8800000000000001
Keh Do Ke Tum,"Amit Kumar, Anuradha Paudwal",BollywoodRomantic,Tezaab,0.8300000000000001
Ang Lag Ja Balma,Asha Bhosle,BollywoodRomantic,Mera Naam Joker,0.8099999999999999
Tanhaiyan,"Himesh Reshammiya, Sunidhi Chauhan",BollywoodSad,Aap Kaa Surroor,0.93
Dil Dil Deewana,"Alka Yagnik, Udit Narayan",BollywoodDance,Har Dil Jo Pyar Karega,0.9199999999999999
Tere Mohalle,"Aishwarya Nigam, Mamta Sharma",BollywoodDance,Besharam,0.8400000000000001
Mera Dil Ab Tera Ho Sajna,Lata Mangeshkar,BollywoodDance,Dil Apna Aur Preet Parai,0.8300000000000001
Pyaar Yeh Jaane Kaise,"Kavita Krishnamurthy, Suresh Wadkar",BollywoodDance,Rangeela,0.9099999999999999
Are Diwano Mujhe Pehchano,Kishore Kumar,BollywoodDance,Don,0.89
Aaj Din Chadheya,"Harshdeep Kaur, Irshad Kamil",BollywoodRomantic,Love Aj Kal,0.96
Na Jaa,Asees Kaur,BollywoodSad,Jia Aur Jia,0.78
Mai Ri Mai,Harshdeep Kaur,BollywoodSad,Parched,0.95
Jiske Liye Sabko Chhoda,"Mohammed Rafi, Sulakshana Pandit",Bollywood,Saajan Ki Saheli,0.8099999999999999
Thori Se Jo Peeli Hai,Kishore Kumar,BollywoodDance,Namak Halaal,0.89
Desi Beat,"Amrita Kak, Mika Singh",BollywoodDance,Bodyguard,0.9099999999999999
Lamha Lamha,Amit Mishra,BollywoodRomantic,Sargoshiyan,0.9
Kaisi Yeh Judai Hain,Falak Shabir,BollywoodSad,Jannat,0.97
Chaudhvin Ka Chand,Mohammed Rafi,BollywoodRomantic,Chaudhvin Ka Chand,0.9199999999999999
Jeth Ki Dophar Mein,"Kumar Sanu, Poornima",BollywoodRomantic,Coolie No. 1,0.82
Jingle Jingle,"Farhid, Master Saleem, Mohit Chauhan",BollywoodDance,Badmaash Company,0.9400000000000001
Gadbad Ho Gayee,"Amit Kumar, Jolly, Kavita Krishnamurthy",BollywoodDance,Chaalbaaz,0.89
Hamare Gaon Koi,"Asha Bhosle, Lata Mangeshkar",BollywoodDance,Professor,0.86
Blue (Theme),"Dilshad, Jaspeert Singh, Neha Kakkar, Raqeeb Aalam, Sonu Kakkar",BollywoodDance,Blue,0.95
Main Kya Hoon,KK,BollywoodDance,Love Aj Kal,0.95
Chand Si Mehbooba Ho Meri,Mukesh,BollywoodRomantic,Himalay Ki Godmein,0.9099999999999999
Dagariyo Chalo,"Alka Yagnik, Udit Narayan",BollywoodDance,Chalte Chalte,0.9400000000000001
Daaru Band Kal Se,"Sonu Nigam, Teesha Nigam",BollywoodDance,Singh Saab The Great,0.89
Adhoore Tum Adhoore Hum,"Alyssa Mendonsa, Vishal Dadlani",BollywoodDance,Break Up Ke Baad,0.96
Hai Rama,"Hariharan, Swarnalatha",BollywoodDance,Rangeela,0.9099999999999999
Madhuban Mein Radhika Nache Re,Mohammed Rafi,BollywoodDance,Kohinoor,0.9
Main khiladi Tu Anari,"Abhijeet, Anu Malik",BollywoodDance,Main Khiladi Tu Anari,0.89
Main Pal Do Pal Ka Shayar,Mukesh,BollywoodSad,Kabhi Kabhie,0.9
Aashiyana,Salim Merchant,BollywoodDance,Fashion,0.9199999999999999
Mehbooba Mehbooba,"Adnan Sami, Sunidhi Chauhan",BollywoodDance,Ajnabee,0.93
Mehbooba Mehbooba,"Adnan Sami, Sunidhi Chauhan",Bollywood,Ajnabee,0.93
Lapak Jhapak,"Armaan Malik, Siddharth Mahadevan, Yashita Sharma",BollywoodDance,Ghayal Once Again,0.9
Koi Mil Gaya,"K. S. Chithra, Udit Narayan",BollywoodRomantic,Koi Mil Gaya,0.9199999999999999
Senorita,"Abhay Deol, Farhan Akhtar, Hrithik Roshan",BollywoodDance,Zindagi Na Milegi Dobara,0.95
Ek Onkaar,Harshdeep Kaur,BollywoodDevotional,Rang De Basanti,0.97
Twinkle Twinkle,"Rana Mazumder, Shreya Ghoshal",BollywoodDance,The Dirty Picture,0.78
Chupke Se Sun,"Alka Yagnik, Udit Narayan",BollywoodRomantic,Mission Kashmir,0.9400000000000001
Pal Bhar Ke Liye,"Kishore Kumar, Usha Khanna",BollywoodRomantic,Johny Mera Naam,0.8300000000000001
The Dirty Mashup,Multiple,BollywoodDance,Single,0.8800000000000001
Tu Koi Aur Hai,Unknown,BollywoodSad,Tamasha,0.95
Love Ka The End,Aditi Singh Sharma,Bollywood,Love Ka The End,0.97
Mene Lagan Lagi,Jaspinder Nirula,BollywoodSad,Dil Kya Kare,0.89
Teri Kasam Main Hoon,Vinod Rathod,BollywoodDance,Prem Granth,0.74
Chahe Zubaan,Sonu Nigam,BollywoodRomantic,Dil Hai Tumhaara,0.9199999999999999
Mujhe Tu Jo Mila,Aaman Trikha,BollywoodRomantic,Khel To Abb Shuru Hoga,0.86
Tu Roop Ki Rani Main Choron Ka Raja,"Lata Mangeshkar, Talat Mahmood",BollywoodDance,Roop Ki Rani Choron Ka Raja,0.8800000000000001
Fake Ishq,"Altamash Faridi, Kailash Kher, Nakash Aziz",BollywoodSad,Housefull 3,0.9
Harry Is Not Bhramchari,"Ishq Bector, Jazzy B",BollywoodDance,Shaadi Ke Side Effects,0.9099999999999999
Din Sara Guzara Tore Angana,"Lata Mangeshkar, Mohammed Rafi",BollywoodRomantic,Junglee,0.8099999999999999
Desi Romance,"Arijit Singh, Suchi",BollywoodDance,Shaadi Ke Side Effects,0.9199999999999999
Do Hanson Ka Joda,Lata Mangeshkar,BollywoodSad,Gunga Jumna,0.8300000000000001
Taki Oh Taki,"Asha Bhosle, Kishore Kumar",BollywoodDance,Himmatwala,0.8300000000000001
Taki Oh Taki,"Asha Bhosle, Bappi Lahiri",BollywoodDance,Himmatwala,0.8300000000000001
Yeh Raaste Hai Pyaar Ke,"Jaspinder Narula, Shaan",BollywoodDance,Yeh Raaste Hain Pyaar Ke,0.8699999999999999
Pinjra Tod Ke,Sunidhi Chauhan,Bollywood,Simran,0.93
Mere Buddy,"Amitabh Bachchan, Armaan Malik",BollywoodDance,Bhoothnath,0.9199999999999999
Chugliyaan,"Javed Ali, Sahir Ali Bagga",BollywoodDance,Once Upon A Time In Mumbaai Dobara,0.9
Mohe Chedo Na,Lata Mangeshkar,BollywoodDance,Lamhe,0.9
Ishq Vishq Pyaar Vyaar,"Alka Yagnik, Kumar Sanu",BollywoodRomantic,Ishq Vishk,0.9099999999999999
Jeeye To Jeeye Kaise (Duet Version),"Anuradha Paudwal, Kumar Sanu, S.P. Balasubrahmanyam",BollywoodRomantic,Saajan,0.8800000000000001
O Mehbooba,Mukesh,BollywoodRomantic,Sangam,0.8699999999999999
Alcholic (Remix),Yo Yo Honey Singh,BollywoodDance,The Shaukeens,0.9400000000000001
Pehli Baar Mile Hain,S.P. Balasubrahmanyam,BollywoodDance,Saajan,0.9099999999999999
Main Hoon No 1 Gawaiya,"Kunal Ganjawala, Satyanarayan, Satyanarayan Mishra, Vinod Rathod",Bollywood,Saajan Chale Sasural,0.8800000000000001
Tu,"Papon, Shreya Ghoshal",BollywoodRomantic,Bobby Jasoos,0.95
Rab Ka Shukrana,Mohit Chauhan,BollywoodRomantic,Jannat 2,0.96
Ek But Banaoonga,Mohammed Rafi,BollywoodRomantic,Asli Naqli,0.89
Muskurane (Unplugged),"Jeet Gannguli, Mohammed Irfan",BollywoodRomantic,Citylights,0.96
Naina Milaike,"Madhushree, Sadhana Sargam",BollywoodDance,Saathiya,0.9400000000000001
Full Jhol,"Akasa Singh, Mika Singh",BollywoodDance,Jackpot,0.86
O Saathi Re,"Shreya Ghoshal, Vishal Bhardwaj",BollywoodDance,Omkara,0.93
Awara Hoon,Mukesh,BollywoodDance,Awaara,0.93
Tere Pyar Mein Dil Deewana,"Alka Yagnik, Udit Narayan",BollywoodRomantic,Coolie No. 1,0.86
Sunny Sunny (Remix),"Neha Kakkar, Yo Yo Honey Singh",BollywoodDance,Yaariyan,0.9199999999999999
In Panchion Ko Dekh Kar,"Baby Sneha, Kavita Krishnamurthy, Shaan",BollywoodDance,Koi Mil Gaya,0.9099999999999999
Lovely (Remix),"Fateh, Kanika Kapoor, Miraya Varma, Ravindra Upadhyay",BollywoodDance,Happy New Year,0.9099999999999999
Mere Mehboob Tujhe,Mohammed Rafi,BollywoodSad,Mere Mehboob,0.9099999999999999
Naam Mera Premkali,Kavita Krishnamurthy,BollywoodDance,Chaalbaaz,0.9099999999999999
Humka Peeni Hai Peeni,"Master Saleem, Shabab Sabri",BollywoodDance,Dabangg,0.9199999999999999
Humka Peeni Hai,"Master Saleem, Shabab Sabri, Wajid",BollywoodDance,Dabangg,0.9199999999999999
Bye Bye Miss Good Night,"Alka Yagnik, Kumar Sanu",BollywoodRomantic,Saajan Chale Sasural,0.8300000000000001
Bana Ke Kyon Bigada Re,Lata Mangeshkar,BollywoodSad,Zanjeer,0.8099999999999999
Mausam Hai Bada Qatil,Sonu Nigam,BollywoodDance,Chup Chup Ke,0.9099999999999999
Ram Narayan Baaja Bajaata,Udit Narayan,BollywoodDance,Saajan Chale Sasural,0.89
Ek Duje Ke Vaaste,"Hariharan, Lata Mangeshkar",BollywoodDance,Dil To Pagal Hai,0.9099999999999999
Yeh Joker,"Shweta Pandit, Sonu Nigam",BollywoodDance,Joker,0.93
Ae Mohabbat Zindabad,Mohammed Rafi,BollywoodSad,Mughal-E-Azam,0.9099999999999999
Daiyya Maiyya,"Rasika Chandrashekhar, Shankar Mahadevan, Udit Narayan",BollywoodDance,Kill Dil,0.96
Yaad Mein Teri,"Lata Mangeshkar, Mohammed Rafi",BollywoodSad,Mere Mehboob,0.89
Hum To Dil Chahen Tumhara,"Hema Sardesai, Kumar Sanu",BollywoodRomantic,Soldier,0.93
Tumsa Koi Pyaara,"Alka Yagnik, Kumar Sanu",BollywoodRomantic,Khuddar,0.9099999999999999
Diwani Tum Jawanon Ki,"Jolly Mukherjee, Mohammad Aziz, Sapna Mukherjee",BollywoodDance,Dayavan,0.77
Vadiya,Amit Trivedi,BollywoodDance,Udta Punjab,0.9199999999999999
Sukh Karta (Ganpati Aarti),Amit Mishra,BollywoodDevotional,Atithi Tum Kab Jaoge,0.9199999999999999
O Sathiya,"Alka Yagnik, Udit Narayan",BollywoodDance,Saaya,0.93
Chuee Muee,"Asha Bhosle, Mohammed Aziz",BollywoodRomantic,Himmat Aur Mehanat,0.8800000000000001
Flip Your Collar Back,Benny Dayal,BollywoodDance,Raja Natwarlal,0.95
In Kadmon Ke Neeche,"Alka Yagnik, Kumar Sanu",BollywoodDance,Kya Kehna,0.9099999999999999
Mahek Bhi,Shreya Ghoshal,BollywoodRomantic,Aiyyaa,0.96
Dance Basanti (Remix),"Anushka Manchanda, Vishal Dadlani",BollywoodDance,Ungli,0.9199999999999999
Do Dilon Ke,"Hariharan, Shreya Ghoshal",BollywoodPatrioticSad,Partition 1947,0.9400000000000001
Mere Angne Mein,Amitabh Bachchan,BollywoodDance,Laawaris,0.9199999999999999
Raat Ko Neend Aati Nahi,"Alka Yagnik, Amit Kumar",BollywoodRomantic,Judaai,0.89
Saiyyan,"Aaman Trikha, Swati Sharma",BollywoodRomantic,1:13:7 Ek Tera Saath,0.95
Mere Ghulam Tera,"Alka Yagnik, Udit Narayan",BollywoodDance,Laadla,0.9099999999999999
Sehra,Ankit Tiwari,BollywoodRomantic,Do Lafzon Ki Kahani,0.95
Sharma Ke Ye Kyon Sab Pardanashi,"Asha Bhosle, Shamshad Begum.",BollywoodDance,Chaudhvin Ka Chand,0.85
Pyar Ko Ho Jane Do,"Kumar Sanu, Lata Mangeshkar",BollywoodRomantic,Dushman,0.93
Dil Darbadar,Ankit Tiwari,BollywoodSad,PK,0.93
Rind Posh Maal,Shankar Mahadevan,BollywoodDance,Mission Kashmir,0.89
Main Hoon Deewana Tera,"Anjjan, Arijit Singh, Meet Bros",BollywoodDanceRomantic,Ek Paheli Leela,0.9
Kaun Hai Woh,"Alisha Chinai, Udit Narayan",BollywoodDance,Ishq Vishk,0.9400000000000001
Raju Chacha,"Francis Menezes, Jatin-Lalit, Sehar, Shaan, Shraddha Pandit, Shweta Pandit, Sneha Pant",BollywoodDance,Raju Chacha,0.9199999999999999
Ankhon Se Tune Yeh Kya,"Alka Yagnik, Kumar Sanu",BollywoodRomantic,Ghulam,0.89
Tik Tuk,"Daler Mehndi, Monali Thakur, Vishal Dadlani",BollywoodDance,Rascals,0.9400000000000001
Yunhi Kat Jaayega,"Alka Yagnik, Kumar Sanu",BollywoodRomantic,Hum Hai Rahi Pyaar Ke,0.9099999999999999
Ali Maula,Salim Merchant,BollywoodMotivational,Kurbaan,0.95
Yaara Yaara,"Alka Yagnik, Udit Narayan",BollywoodDance,Hum Tum,0.95
Kahin Se Aayi Rani – Kahin Se Aaya Raja,"Amit Kumar, Ishwari, Kavita Krishnamurthy, Shraddha Pandit, Shweta",BollywoodDance,Raju Chacha,0.9099999999999999
Khuda Nigheban Ho,Lata Mangeshkar,BollywoodSad,Mughal-E-Azam,0.9
Dhoop Ke Makaan Sa,"Hitesh Sonik, Shekhar Ravjiani",BollywoodRomantic,Break Up Ke Baad,0.96
Chheda Mera Dil Ne Tarana,Mohammed Rafi,BollywoodDance,Asli Naqli,0.9
Beliya,"Aditi Paul, Armaan Malik",BollywoodRomantic,Mehrunisa V Lub U,0.89
Mahi,"Harshdeep Kaur, Shabab Sabri",BollywoodSad,Irada,0.96
Aisa Deewana,Sonu Nigam,BollywoodRomantic,Dil Maange More,0.9199999999999999
Har Har Gange,Aaman Trikha,BollywoodDance,Bhoothnath Returns,0.9
Khambe Jaisi Khadi Hai,Udit Narayan,BollywoodDanceRomantic,Dil,0.9
Saawan Mein Lag Gayi Aag,Mika Singh,BollywoodDance,Woodstock Villa,0.8800000000000001
Dhoom Dhaam,"Ankit Tiwari, Palak Muchhal",BollywoodRomantic,Action Jackson,0.89
Aayi Re Aayi Re Khushi,Sunidhi Chauhan,BollywoodDance,Khushi,0.9199999999999999
Mera Jahan,"Adnan Sami, Ananya Wadkar, Auriel Cordo",BollywoodSad,Taare Zameen Par,0.96
Let It Be,Shaan,BollywoodDance,Desi Boyz,0.93
Dua,"Kailash Kher, Marianne D'cruz Aiman, Sukhwinder Sing",BollywoodDance,Kurbaan,0.9400000000000001
Badlapur,Multiple,BollywoodDance,Badlapur,0.9400000000000001
Jab Chaye Tera Jadoo,Kanika Kapoor,BollywoodDance,Main Aur Charles,0.9400000000000001
Gulon Mein Rang Bhare,Arijit Singh,BollywoodSad,Haider,0.95
Main Hi Main Hoon,Suresh Wadkar,BollywoodRomantic,Ram Teri Ganga Maili,0.75
Yaad Teri Yaad,"Abhijeet Sawant, Shreya Ghoshal",BollywoodDance,Jawani Diwani: A Youthful Joyride,0.9199999999999999
Shabe Firaq,"Himesh Reshammiya, Tulsi Kumar",BollywoodDance,Chup Chup Ke,0.9400000000000001
Andaz Mera Mastana,Lata Mangeshkar,BollywoodDance,Dil Apna Aur Preet Parai,0.8400000000000001
Pyaar Kar,"Kavita Krishnamurthy, Shaan, Udit Narayan",BollywoodDance,Single,0.89
Right Now (Remix),"Sunidhi Chauhan, Suzzane De Mello, Wajid",BollywoodDance,Housefull 2,0.85
Aao Na,Vishal Dadlani,BollywoodDance,Haider,0.97
Tere Pyar Mein Dildar,Lata Mangeshkar,BollywoodDance,Mere Mehboob,0.85
Hai Isi Men Pyar Ki Abroo,Lata Mangeshkar,BollywoodSad,Anpadh,0.89
Jhelum,Vishal Bhardwaj,BollywoodSad,Haider,0.96
Yaad Aayee,Adnan Sami,BollywoodRomantic,Muskaan,0.9
Yaari Yaari,Ram Sampath,Bollywood,Purani Jeans,0.97
Hai Jaana Hai Jaana,Sujatha Mohan,BollywoodDance,Pukar,0.71
F.U.N. Fun Funaa,Ali Zafar,BollywoodDance,Luv Ka The End,0.96
Muh Meetha Kara De,"Benny Dayal, Monali Thakur",BollywoodDance,Rabba Main Kya Karoon,0.9199999999999999
Mere Khwabon Ka,Udit Narayan,BollywoodRomantic,Jism,0.9400000000000001
Mera Karma Tu,"Manhar Udhas, Mohammed Aziz, Suresh Wadkar",BollywoodPatriotic,Karma,0.82
Jumme Kie Raat Hai (Remix),"Mika Singh, Palak Muchhal",BollywoodDance,Kick,0.8800000000000001
Poore Chand,Shail Hada,BollywoodRomantic,Goliyon Ki Rasleela Ram-leela,0.9400000000000001
Janeman Ek Nazar Dekh Le,"Asha Bhosle, Lata Mangeshkar",BollywoodDance,Mere Mehboob,0.8300000000000001
O Maa Tujhe Salaam,Jagjit Singh,BollywoodDevotional,Khal Nayak,0.89
Holi Aayi Re,"Kishore Kumar, Lata Mangeshkar, Mahendra Kapoor",BollywoodDance,Mashaal,0.8400000000000001
Aaja Mahiya,"Alka Yagnik, Udit Narayan",BollywoodDance,Yaadein,0.93
O Haseena Zulfonwale Jane Jahan,"Asha Bhosle, Mohammed Rafi",BollywoodDance,Teesri Manzil,0.9199999999999999
Mora Gora Ang Laile,Lata Mangeshkar,BollywoodRomantic,Bandini,0.9400000000000001
Rangreza,"Abhijeet Sawant, Pragya Patra",BollywoodRomantic,Rangreza,0.86
Sunny Sunny (Remix),"Neha Kakkar, Yo Yo Honey Singh",BollywoodDance,Yaariyan,0.8800000000000001
Koshampa,"Aaman Trikha, Anweshaa, Sanchita Bhattacharya",BollywoodDance,Kaanchi,0.6900000000000001
Sweety,"Aishwarya Nigam, Monali Thakur",BollywoodDance,Bobby Jasoos,0.86
Sheher Mein,"Karthik, Mohit Chuahaan",BollywoodDance,Rockstar,0.93
Mujhpe Har Haseena,"Alisha Chinai, Kumar Sanu, Sonu Nigam",BollywoodDance,Ishq Vishk,0.9199999999999999
Mitra,"Amitabh Bhattacharya, Salim Merchant",BollywoodSad,Band Baaja Baaraat,0.95
Insaaf Ki Dagar Pe Bachchon Dikhaao Chal Ke,Hemant Kumar,BollywoodMotivational,Gunga Jumna,0.89
Tu Hi Tu,Ayushman Khurana,BollywoodRomance,Nautanki Saala,0.9400000000000001
No. 1 Punjabi,"Jaspinder Narula, Sonu Nigam",BollywoodDance,Chori Chori Chupke Chupke,0.9
Jeeley Yeh Lamhe,"Amit Mishra, Anupam Amod",BollywoodDance,Days Of Tafree,0.9099999999999999
Aaur Main Khush Hoon,Ash King,BollywoodDance,Kahaani 2,0.9199999999999999
Alvida,Mohammed Irfan,BollywoodRomantic,Luv Shv Pyar Vyar,0.93
Bachalo Bachalo,"Alka Yagnik, Sonu Nigam",BollywoodDance,Khullam Khulla Pyaar Karen,0.82
Tujhpe Fida,"Shraddha Pandit, Sulaiman Merchant",BollywoodDance,Heroine,0.97
Kya Mil Gaya Hay Kya Kho Gaya,"Lata Mangeshkar, Mohammed Rafi",BollywoodDance,Sasural,0.86
Chittiyaan Kalaiyaan (Remix),"Kanika Kapoor, Meet Bros",BollywoodDance,Roy,0.8300000000000001
Bumbro Bumbro,"Jaspinder Narula, Shankar Mahadevan, Sunidhi Chauhan",BollywoodDance,Mission Kashmir,0.89
Khul Kabhi Toh,Arijit Singh,BollywoodRomantic,Haider,0.95
Pankhon Ko,Salim Merchant,BollywoodSad,Rocket Singh,0.96
Miliyo Re,"Monali Thakur, Rochak Kohli",BollywoodSad,Monsoon Shootout,0.9099999999999999
Maula Sun Le Re,Papon,BollywoodSad,Madras Cafe,0.96
Sweeta,Adnan Sami,BollywoodDance,Kill Dil,0.9400000000000001
Hona Hai Kya,Ram Sampath,BollywoodDance,Talaash,0.93
Ram Kare Aisa Ho Jaye,Mukesh,BollywoodRomantic,Milan,0.8800000000000001
Catch Me If U Can,Amaal Mallik,BollywoodDance,Force 2,0.9099999999999999
Kabhi Tu Chalia Lagta Hai,"Lata Mangeshkar, S.P. Balasubrahmanyam",BollywoodDance,Patthar Ke Phool,0.9099999999999999
Lakhon Tare Aasman Per,"Lata Mangeshkar, Mukesh",BollywoodSad,Hariyali Aur Rasta,0.89
Farrata,"Adityan, Armaan Malik",BollywoodDance,Tumhari Sulu,0.63
Ye Mera Dil Pagal Hai,"Asha Bhosle, S.P. Balasubrahmanyam",BollywoodDance,Gardish,0.9199999999999999
Tune Maari Entriyaan (Remix),"Bappi Lahiri, KK, Neeti Mohan, Vishal Dadlani",BollywoodDance,Gunday,0.8699999999999999
Dushman Dil Ka Jo,Kavita Krishnamurthy,BollywoodDance,Roop Ki Rani Choron Ka Raja,0.8800000000000001
Deewane Hai Deewanon Ko,"Lata Mangeshkar, Mohammed Rafi",BollywoodDance,Zanjeer,0.8699999999999999
Good Morning India,Sonu Nigam,BollywoodDance,Khushi,0.9099999999999999
Aap Aye To Khayal,Mahendra Kapoor,BollywoodRomantic,Gumrah,0.9199999999999999
Holi Khelein,"Anmol Malik, Shreya Ghoshal",BollywoodDance,Begum Jaan,0.93
Kar Doon Kamaal,"Sukhwinder Singh, Sunidhi Chauhan",BollywoodDance,Mujhse Shaadi Karogi,0.9
Bekas Pe Karam Kijiye,Lata Mangeshkar,BollywoodSad,Mughal-E-Azam,0.9099999999999999
Haath Chhute Bhi,Jagjit Singh,BollywoodSad,Pinjar,0.93
Yaadan Teriyan,Himesh Reshammiya,BollywoodSad,Dil Diya Hai,0.95
Is Shaane Karam Ka – Qawali,Nusrat Fateh Ali Khan,BollywoodDevotional,Kachche Dhaage,0.8699999999999999
Zulf Ki Chhaon Mein,"Asha Bhosle, Mohammed Rafi",BollywoodRomantic,Phir Wohi Dil Laya Hoon,0.8800000000000001
Jhoom Barabar Jhoom,"Aaman Trikha, Pawni Pandey, Shabab Sabri, Vineet Singh",BollywoodDance,Policegiri,0.86
Chhil Gaye Naina,"Dipanshu Pandit, Kanika Kapoor",BollywoodSad,NH 10,0.95
Jab Tum (Female),Shreya Ghoshal,BollywoodRomantic,Shaadi Abhi Baaki Hai,0.8300000000000001
Tandav,Unknown,BollywoodDance,Chaalbaaz,0.93
Tu Mujhe Suna,"Nitin Mukesh, Suresh Wadkar",BollywoodRomantic,Chandni,0.8800000000000001
Kabhi Khushboo,K.K.,BollywoodSad,Saaya,0.95
Matari Kotmari Tumba,Atul Kale,BollywoodDance,Jis Desh Mein Ganga Rehta Hai,0.8300000000000001
Haule Haule (Remix),"Hard Kaur, Sukhwinder Singh",BollywoodDance,Rab Ne Bana Di Jodi,0.95
Horn OK Please,"Anushka Manchanda, Sukhwinder Singh, Yo Yo Honey Singh",BollywoodDance,Dedh Ishqiya,0.85
Raah Mein Un Se,"Alka Yagnik, Kumar Sanu",BollywoodDanceRomantic,Vijaypath,0.86
Nazar Bachakar Chale Gaye Woh,Mohammed Rafi,BollywoodRomantic,Dil Tera Deewana,0.9099999999999999
Gudiya Rani,Lata Mangeshkar,BollywoodDance,Lamhe,0.77
Saara Saara Din Tum Kaam Karoge,Kavita Krishnamurthy,BollywoodRomantic,Nigahen,0.78
Maine Pyar Kiya,"Lata Mangeshkar, S.P. Balasubrahmanyam",BollywoodDance,Maine Pyar Kiya,0.8699999999999999
Haila Haila,"Alka Yagnik, Udit Narayan",BollywoodDance,Koi Mil Gaya,0.89
Dil Ye Ladaku,Monali Thakur,BollywoodRomantic,Saala Khadoos,0.95
Pyaar Se Pyaar,Abhijeet,BollywoodDance,Raaz,0.9199999999999999
Gunja Re Chandan,"Hemlata, Suresh Wadkar",BollywoodRomantic,Nadiya Ke Paar,0.78
Ek Garam Chai Ki Pyali,Anu Malik,BollywoodDance,Har Dil Jo Pyar Karega,0.9
Noor E Khuda,"Adnan Sami, Shankar Ehsaan Loy, Shankar Mahadevan, Shreya Ghoshal",BollywoodMotivational,My Name is Khan,0.96
Saadi Galli Aaja (Remix),Ayushman Khurana,BollywoodDance,Nautanki Saala,0.9400000000000001
Tera Saath Ho,Falak Shabir,BollywoodRomantic,7 Welcome To London,0.95
Odhli Chunariya Tere Naam Ki,"Alka Yagnik, Kumar Sanu",BollywoodDance,Pyaar Kiya To Darna Kya,0.85
Lakh Chhupao Chhup Na Sakega,Lata Mangeshkar,BollywoodDance,Asli Naqli,0.8800000000000001
Parinda,Pardeep Sran,Bollywood,Jab Harry Met Sejal,0.96
Naraaz Savera Hai,Kumar Sanu,BollywoodSad,Sangharsh,0.9199999999999999
Tumse Pyar Ho Gaya,"Mili Nair, Neeti Mohan",BollywoodDance,Shaadi Ke Side Effects,0.93
Jaane Ye Kya Hua,KK,BollywoodRomantic,Karthik Calling Karthik,0.97
Yeh Haseen Vadiyan Yeh Khula Aasman,"K. S. Chithra, S. P. Balasubramanyam",BollywoodRomantic,Roja,0.9099999999999999
Yaariyan Mashup,Multiple,BollywoodDance,Yaariyan,0.9
Main Hoon Roop Ki Rani,Kavita Krishnamurthy,BollywoodDance,Roop Ki Rani Choron Ka Raja,0.8800000000000001
Prem Jogan Ban Ke,Ustad Bade Ghulam Ali,BollywoodSad,Mughal-E-Azam,0.9400000000000001
Baap Ki Kasam,"Asha Bhosle, Kishore Kumar",BollywoodDance,Mawaali,0.86
Dil Jaane Jigar Tujhpe Nisar Kiya Hai,"Alka Yagnik, Kumar Sanu",BollywoodRomantic,Saajan Chale Sasural,0.85
Ye Awaaz Hai,Monali Thakur,BollywoodSad,Indu Sarkar,0.9199999999999999
Jawani Ki Rail Kahin Choot Na Jaye,"Anuradha, Shabbir Kumar",BollywoodDance,Coolie,0.8
Kuch To Baaki Hai,Himesh Reshammiya,BollywoodSad,Milenge Milenge,0.95
Main Pyar Ka Rahi Hoon,"Asha Bhosle, Mohammed Rafi",BollywoodRomantic,Ek Musafir Ek Hasina,0.9099999999999999
Kay Sera Sera,"Kavita Krishnamurthy, Shankar Mahadevan",BollywoodDance,Pukar,0.9400000000000001
Leke Pahla Pahla Pyar,"Asha Bhosle, Mohammed Rafi, Shamshad Begum.",BollywoodDance,C.I.D,0.9
Jiya Dhadak Dhadak Jaye,Rahat Fateh Ali Khan,BollywoodRomantic,Kalyug,0.9199999999999999
Ek Tha Tiger Mashup,Multiple,BollywoodDance,Ek Tha Tiger,0.9400000000000001
Gore Mukhde Pe Zulfa Di Chaava,"Aaman Trikha, Shabab Sabri, Shreya Ghoshal",BollywoodDance,Special 26,0.8800000000000001
Ae Ishq Yeh Sab Duniyawale,Lata Mangeshkar,BollywoodRomantic,Mughal-E-Azam,0.89
Kaun Main Haan Tum,"Alka Yagnik, Udit Narayan",BollywoodDance,Ajnabee,0.9099999999999999
Shikayat Hai,Roop Kumar Rathod,BollywoodSad,Jism,0.93
Hai Hai Mirchi,"Alka Yagnik, Sukhwinder Singh",BollywoodDance,Biwi No.1,0.9
Ruk Ja O Janewali Ruk Ja,Mukesh,BollywoodDance,Kanhaiya,0.89
Majboor Tu Bhi Kahin,Amit Mishra,BollywoodSad,1920 - Evil Returns,0.89
Soniye Mil Ja,"Sukhwinder Singh, Sunidhi Chauhan",Bollywood,Aaja Nachle,0.96
Aao Milo Chalo,"Shaan, Ustad Sultan Khan",BollywoodDance,Jab We Met,0.97
Happy Ending,"Abhijeet Sawant, Debojit Saha, Harshit Saxena",BollywoodDance,Tees Maar Khan,0.93
O Jogi Jab Se Tu Aaya Mere Dwar,Lata Mangeshkar,BollywoodDance,Bandini,0.9
Meri Qismat Men Tu Nahin Shayad,"Lata Mangeshkar, Suresh Wadkar",BollywoodSad,Prem Rog,0.8
Chanchal Mann Ati Random,Divya Kumar,BollywoodDance,Shuddh Desi Romance,0.85
Purza,Arijit Singh,BollywoodDance,Akira,0.9
Ab Mujhko Jeena,Zubeen Garg,BollywoodDance,Aashayein,0.96
Chaar Botal Vodka (Remix),Unknown,BollywoodDance,Ragini MMS 2,0.93
Dheemi Dheemi,Hariharan,BollywoodRomantic,1947: Earth,0.9400000000000001
Dil Me Kayi Armaan,Aaman Trikha,BollywoodSad,Yeh Hai Judgement Hanged Till Death,0.95
Aahista Aahista,"Lucky Ali, Shreya Ghoshal",BollywoodRomantic,Bachna Ae Haseeno,0.9099999999999999
Sooraj Dooba Hai Yaron (Remix),"Aditi Singh Sharma, Arijit Singh",BollywoodDance,Roy,0.9400000000000001
O Aasman Wale,Sonu Nigam,BollywoodSad,Aaja Meri Jaan,0.85
Bawla Sa Sapna,"Chorus, Diva",BollywoodDance,Shaadi Ke Side Effects,0.9199999999999999
Bheegh Loon (Male),Ankit Tiwari,BollywoodRomantic,Khamoshiyan,0.9400000000000001
The Mutton Song,Krishna Beura,BollywoodDance,Love Ka The End,0.9099999999999999
O Basanti Pavan,Unknown,BollywoodDance,Jis Desh Mein Ganga Behti Hai,0.8699999999999999
Yeh Umar Hai Kya,"Asha Bhosle, Manna Dey",BollywoodDance,Professor,0.9099999999999999
Mein Sharabi (Remix),Yo Yo Honey Singh,BollywoodDance,Cocktail,0.9400000000000001
Poore Se Zara Sa Kam Hain,Rashid Khan,BollywoodSad,Mausam,0.9400000000000001
Brothers Mashup,Multiple,BollywoodDance,Brothers,0.9400000000000001
Mili Khaak Mein Mohabbat,Mohammed Rafi,BollywoodSad,Chaudhvin Ka Chand,0.9
Laila Majnu,"Javed Ali, Monali Thakur",BollywoodDance,Awesome Mausam,0.8800000000000001
Dekho Dekho Dil Ye Bole,"Adnan Sami, Shaan",BollywoodDance,Dhamaal,0.9199999999999999
Na Main Dhan Chahun,"Geeta Dutt, Sudha Malhotra",BollywoodSad,Kala Bazar,0.9199999999999999
Anandoloke,Clinton Cerejo,BollywoodDance,Kahaani 2,0.96
Kahan Chal Diye Idhar To Aao,Mohammed Rafi,BollywoodRomantic,Jhuk Gaya Aasman,0.9099999999999999
Aaya Aaya Toofan,Kishore Kumar,BollywoodDance,Toofan,0.8400000000000001
Monta Re,Amit Trivedi,BollywoodSad,Lootera,0.97
Mere Mehboob Mein Kya Nahin,"Asha Bhosle, Lata Mangeshkar",BollywoodDance,Mere Mehboob,0.86
Kal Ki Daulat Aaj Ki Khushian,Mohammed Rafi,BollywoodDance,Asli Naqli,0.9099999999999999
Saiyan Se Chhup Ke,"Anuradha Paudwal, Udit Narayan",BollywoodDance,Beta,0.6900000000000001
Sau Saal Pehle,"Lata Mangeshkar, Mohammed Rafi",BollywoodRomantic,Jab Pyar Kisi Se Hota Hai,0.9099999999999999
G Phaad Ke (Remix),"Divya Kumar, Shefali Alvarez",BollywoodDance,Happy Ending,0.9400000000000001
Mere Maula,"Kailash Kher, Richa Sharma",BollywoodSad,Khakee,0.95
Sajna Ve,Rahat Fateh Ali Khan,BollywoodSad,Life is Beautiful,0.9400000000000001
Mirzya,"Akhtar Chanal Zahri, Daler Mehndi, Nooran Sisters, Sain Zahoor",BollywoodMotivational,Mirzya - Dare To Love,0.9
Sheesha-E-Dil Itna Na Uchhalo,Lata Mangeshkar,BollywoodDance,Dil Apna Aur Preet Parai,0.9
Tanu Weds Manu Returns (Mashup),Various,BollywoodDance,Tanu Weds Manu Returns,0.9
Party All Night,Yo Yo Honey Singh,BollywoodDance,Boss,0.85
Party All Night (Remix),Yo Yo Honey Singh,BollywoodDance,Boss,0.85
Jai Govinda Jai Gopala,Neeraj Shridhar,BollywoodDance,Bullett Raja,0.93
Tera Hi Karam,Pankaj Awasthi,BollywoodSad,Karam,0.93
Rang Birangi Rakhee Lekar,Lata Mangeshkar,BollywoodDance,Anpadh,0.8800000000000001
Woh Chand Jaisi Ladki,Udit Narayan,BollywoodRomantic,Devdas,0.9400000000000001
Dooriyan Hain Zaroori Bhi Hai,"Monica Dogra, Vishal Dadlani",BollywoodDance,Break Up Ke Baad,0.96
Main Hoon Prem Rogi,Suresh Wadkar,BollywoodDance,Prem Rog,0.77
Jag Ja,Suresh Wadkar,BollywoodRomantic,Omkara,0.9099999999999999
Tumhi Se,"Shreya Ghoshal, Vijay Yesudas",BollywoodRomantic,Chup Chup Ke,0.96
Main Kya Karoon Ram,Lata Mangeshkar,BollywoodDance,Sangam,0.86
Na Jane Kahan Tum The,"Manna Dey, Suman Kalyanpur",BollywoodRomantic,Zindagi Aur Khwab,0.9199999999999999
Meherbani (Remix),Jubin Nautiyal,BollywoodDance,The Shaukeens,0.96
Jab Zero Diya Mere Bharat Ne,"Mahendra Kapoor, Manhar Udhas",BollywoodPatriotic,Purab Aur Pashchim,0.9099999999999999
Hum Tumhe Kaise Bataye,"Aaman Trikha, Taraannum Mallik",BollywoodRomantic,Ekkees Toppon Ki Salaami,0.95
Rimjhim Ke Tarane Leke Aai Barsaat,"Geeta Dutt, Mohammed Rafi",BollywoodRomantic,Kala Bazar,0.8800000000000001
Kunwara,Salim Merchant,BollywoodDance,Jodi Breakers,0.9400000000000001
Ja Ja Ja Mere Bachpan,Lata Mangeshkar,BollywoodDance,Junglee,0.9099999999999999
O Panchhi Pyare Sanjh Sakare,Asha Bhosle,BollywoodDance,Bandini,0.93
Banda Parwar,Mohammed Rafi,BollywoodDance,Phir Wohi Dil Laya Hoon,0.9199999999999999
Mera Jeena Hai Kya,Neeraj Shridhar,BollywoodRomantic,Aashayein,0.97
Yeh Hai Bambai Nagaria,Kishore Kumar,BollywoodDance,Don,0.85
Masoom Chehra Ye Qatil Adayen,"Lata Mangeshkar, Mohammed Rafi",BollywoodRomantic,Dil Tera Deewana,0.9099999999999999
Shanana Na,"Abhijeet, Alka Yagnik, Ayub, Dabboo Malik, Jordy Patel, Sriijiit",BollywoodDance,Maine Dil Tujhko Diya,0.9400000000000001
Mehboob Mere,"Alka Yagnik, Sukhwinder Singh",BollywoodDance,Biwi No.1,0.9199999999999999
Rote Hue Ate Hain Sab,Kishore Kumar,BollywoodDance,Muqaddar Ka Sikandar,0.89
Tujhko Jo Paaya,Mohit Chauhan,BollywoodRomance,Crook,0.96
Pe.. Pe.. Pepein… (Version 2),"Hard Kaur, Master Saleem, Neeraj Shridhar, Tulsi Kumar",BollywoodDance,Chance Pe Dance,0.95
Touch Me,"Asha Bhosle, Kishore Kumar",BollywoodRomantic,Himmat Aur Mehanat,0.86
Samjho Ho Hi Gaya,"Arshad Warsi, Sanjay Dutt, Vinod Rathod",BollywoodDance,Lage Raho Munna Bhai,0.95
Miss India Martee Mujhpe,"Adnan Sami, Amit Kumar",BollywoodDance,Dhamal,0.9400000000000001
Kashmir Ki Kali Hoon Main,Lata Mangeshkar,BollywoodRomantic,Junglee,0.89
Barsaat Ke Mausam Mein,"Kumar Sanu, Roop Kumar Rathod",BollywoodDance,Naajayaz,0.86
Chammak Challo (Remix),"Akon, Hamsika Iyer",BollywoodDance,Ra-One,0.93
Aaj Udta Hua Ek Panchhi,Mohammed Rafi,BollywoodDance,Gehra Daag,0.8699999999999999
Ek Tu Hi Bharosa,Lata Mangeshkar,BollywoodDevotional,Pukar,0.9199999999999999
Dhanak,Monali Thakur,BollywoodDance,Dhanak,0.96
Bhaag Milky Bhaag,"Sanam Puri, Sonu Kakkar",BollywoodDance,Running Shaadi,0.9199999999999999
Follow Me,Hard Kaur,BollywoodDance,Ajab Prem Ki Ghazab Kahani,0.95
Mil Gaya,"Mohammed Rafi, Udit Narayan, Usha Mangeshkar",BollywoodDance,Unees Bees,0.96
Paayal Meri,"Alka Yagnik, Udit Narayan",BollywoodDance,Rajkumar,0.86
Sanam Tum Jahan Mera Dil Wahan,Asha Bhosle,BollywoodDance,Kaalia,0.9199999999999999
Koi Patthar Se Na Maare,"Shreya Ghoshal, Sonu Nigam, Sunidhi Chauhan",BollywoodSad,Aaja Nachle,0.9400000000000001
Sun Le Meri Payal Ke Geet,Lata Mangeshkar,BollywoodDance,Sasural,0.77
Le Jaa Tu Mujhe,Atif Aslam,Bollywood,F.A.L.T.U,0.97
Dil Mein Baji Pyar Ki Shehnaiyan,Lata Mangeshkar,BollywoodDance,Kohinoor,0.8800000000000001
Darbadar,"Altamash Khan, Divya Kumar, Harshit Chouhan, Monali Thakur, Shadaab",BollywoodRomantic,I Me Aur Main,0.9400000000000001
Main Teri Huyi Re Balma,Asha Bhosle,BollywoodDance,Gehra Daag,0.8400000000000001
Ek Din Aap,"Alka Yagnik, Kumar Sanu",BollywoodDanceRomantic,Yes Boss,0.95
Party To Banti Hai (Remix),"Meet Bros, Mika Singh",BollywoodDance,Bhoothnath Returns,0.85
Kuch Khaas,"Mohit Chauhan, Neha Bhasin",BollywoodDance,Fashion,0.9099999999999999
Baatein Kuch Ankahee,"Adnan Sami, Pritam Chakraborty",BollywoodRomantic,Life In A Metro,0.95
Aaj Ki Party (Remix),Mika Singh,BollywoodDance,Bajrangi Bhaijaan,0.93
Ae Watan Ae Watan Humko Teri Qasam,Mohammed Rafi,BollywoodPatriotic,Shaheed,0.96
Ajnabi,Zebunnisa Bangash,BollywoodRomantic,Madras Cafe,0.93
Peer Manava,"Shraddha Pandit, Sukhwinder Singh",BollywoodDance,Black & White,0.9199999999999999
Kehta Hai Joker Sara Zamana,Mukesh,BollywoodDance,Mera Naam Joker,0.9
Dil Mein Sanam Ki Soorat,"Alka Yagnik, Kumar Sanu",BollywoodRomantic,Phir Teri Kahani Yaad Aayi,0.9099999999999999
Tanhai Tanhai,"Alka Yagnik, Udit Narayan",BollywoodDance,Koyla,0.8800000000000001
Woh Dekho Jala Ghar Kisi Ka,Lata Mangeshkar,BollywoodSad,Anpadh,0.86
Zara Nazron Se Kah Do Ji,Hemant Kumar,BollywoodRomantic,Bees Saal Baad,0.9
Chaar Botal Vodka (Remix),Yo Yo Honey Singh,BollywoodDance,Ragini MMS 2,0.9099999999999999
Jab Tumhein Aashiqui Maloom,Kumar Sanu,BollywoodRomantic,Ajnabee,0.9199999999999999
Yaaron Aesa Hai,Salim Merchant,BollywoodDance,Rangrezz,0.97
Tere Ishq Ka Suroor,"Aaman Trikha, Akshata Dixit",BollywoodRomantic,Single,0.9800000000000001
Ek Sawal Main Karoon,"Lata Mangeshkar, Mohammed Rafi",BollywoodDance,Sasural,0.89
It’s All About Tonight,"Rahul Vaidya, Sophie Choudry, Sunidhi Chauhan",BollywoodDance,Ishkq In Paris,0.8800000000000001
Dil Mera Ek Aas Ka Panchhi,Subir Sen,BollywoodDance,Aas Ka Panchhi,0.89
Jaane Kya Dhoondhta Hai,Lucky Ali,BollywoodDance,Sur,0.97
Sanam Sanam,"Shraddha Pandit, Sukhwinder Singh",BollywoodDance,Mere Dost Picture Abhi Baki Hai,0.8099999999999999
Yahaan Vahaan,Farhan Akhtar,BollywoodDance,Shaadi Ke Side Effects,0.9099999999999999
Bambai Se Aaya Mera Dost,Bappi Lahiri,BollywoodDance,Aap Ki Khatir,0.8400000000000001
Dhin Tak Dhin Tak,Jaspinder Narula,BollywoodRomantic,Bade Miyan Chote Miyan,0.8800000000000001
Tujhe Dekh Dekh,Rahat Fateh Ali Khan,Bollywood,Kalyug,0.9
Capuchino,Abhishek Nehwal,BollywoodDance,I Me Aur Main,0.9099999999999999
Chalo Dildar Chalo,"Himani Kapoor, Himesh Reshammiya, Vinit",BollywoodRomantic,Dil Diya Hai,0.93
Mil Gayee Woh Manzilen,"Alka Yagnik, Kumar Sanu",BollywoodDance,Kabhi Na Kabhi,0.96
Jaane Kya,Zubeen Garg,BollywoodSad,Pyaar Ke Side Effects,0.96
Main Der Karta Nahin,"Lata Mangeshkar, Suresh Wadkar",BollywoodDance,Henna,0.79
Gunday Mashup,"Bappi Lahiri, Javed Ali, Neha Bhasin",BollywoodDance,Gunday,0.82
Gunday Mashup,Multiple,BollywoodDance,Gunday,0.82
Sheila Ki Jawani (Remix),"Sunidhi Chauhan, Vishal Dadlani",BollywoodDance,Tees Maar Khan,0.89
Laakh Duniya Kahe,"Nisha Mascarenhas, Ram Sampath",BollywoodSad,Talaash,0.96
Ha Raham Mehfuz,"Amit Trivedi, Murtuza Qadir",BollywoodDance,Aamir,0.96
Jiyara Jiyara,"Alisha Chinai, Hard Kaur",BollywoodDance,Prince,0.9
All The Best,"Antara Mitra, Rana, Soham",BollywoodDance,All The Best,0.9199999999999999
Mallo Malli (Lehmber Hussainpuri),"Hard Kaur, Lehmber Hussainpuri",BollywoodDance,Mausam,0.93
Freak Out,"Aditi Singh Sharma, Joi Barua",BollywoodDance,Love Ka The End,0.95
Ab Tohe Jane Na Doongi,"Payal Dev, Shreyas Puranik",BollywoodRomantic,Bajirao Mastani,0.97
Jugnu,Udit Narayan,BollywoodDance,Joker,0.86
Sajda,K.K.,BollywoodDance,Bhool Bhulaiyaa,0.9400000000000001
Aha Aha,Falguni Pathak,BollywoodRomantic,Na Tum Jaano Na Hum,0.8800000000000001
Dil Ka Qaraar,"Shraddha Pandit, Sonu Nigam",BollywoodRomantic,Sangharsh,0.93
Wafa Jo Na Ki To,Asha Bhosle,BollywoodRomantic,Muqaddar Ka Sikandar,0.89
Raabta Tujhse Raha,Aaman Trikha,BollywoodRomantic,Yeh Hai Judgement Hanged Till Death,0.9099999999999999
Teri Tamanna,"KK, Shilpa Rao, Zubeen Garg",BollywoodDance,The Train,0.9199999999999999
Lage Na Mora Jiya,Lata Mangeshkar,BollywoodSad,Ghunghat,0.9199999999999999
Jane Kya Dhoondti Rahti Hai,Mohammed Rafi,BollywoodSad,Shola Aur Shabnam,0.93
Mujhe Dekhkar Aap Ka Muskurana,Mohammed Rafi,BollywoodRomantic,Ek Musafir Ek Hasina,0.95
E – Gulbadan Phoolon Ki Mahek,Mohammed Rafi,BollywoodRomantic,Professor,0.9099999999999999
Chahat Se Hai Begani,"Alka Yagnik, Kumar Sanu",BollywoodRomantic,Saajan Chale Sasural,0.8400000000000001
Action Jackson,Multiple,BollywoodDance,Action Jackson,0.89
Tujhko Bhulana,"Roshni Baptist, Sangeet Haldipur",BollywoodDance,Murder 2,0.93
Chodo Kal Ki Batein,Mukesh,BollywoodPatriotic,Hum Hindustani,0.9199999999999999
Dooba Re Dooba,"Alka Yagnik, Sonu Nigam",BollywoodDance,Ishq Vishk,0.93
Dillagi Main Jo Beet Jaye,"Himesh Reshammiya, Jayesh Gandhi, Shaan, Sonu Nigam, Sunidhi Chauhan, Vasundhara Das",BollywoodDance,Aashiq Banaya Aapne,0.93
Tere Chehre Pe,"Kumar Sanu, Sonali Vajpai",BollywoodRomantic,Baazigar,0.8699999999999999
Khulla Saand,Salim Merchant,BollywoodDance,Rabba Main Kya Karoon,0.9
Rang Se Hui,Kaushiki Chakraborty,BollywoodDance,Gulaab Gang,0.9400000000000001
Yeh Hawa Yeh Fiza Aa Bhi Jaa,Mahendra Kapoor,BollywoodRomantic,Gumrah,0.9099999999999999
Meri Jaaniye,"Monali Thakur, Shaan",BollywoodDance,I Me Aur Mein,0.9199999999999999
Tumhen Muhabbat Hai Humne Mana,"Asha Bhosle, Mohammed Rafi",BollywoodRomantic,Ek Musafir Ek Hasina,0.9400000000000001
Dhadakne Lagta Hai Mera Dil,Mohammed Rafi,BollywoodDance,Dil Tera Deewana,0.9400000000000001
Aiyo Ji,"Salim Merchant, Shraddha Pandit",BollywoodDance,Satyagraha,0.8400000000000001
Dagabaaz Tori Batiyan,Lata Mangeshkar,BollywoodRomantic,Gunga Jumna,0.85
Teri Yaad Dilse Bhulane Chala Hoon,Mukesh,BollywoodSad,Hariyali Aur Rasta,0.9
I Don’t Luv U,"Monali Thakur, Neuman Pinto",BollywoodDance,I Don't Luv U,0.9199999999999999
Meter Down,"Adnan Sami, Merriene, Nimosa",BollywoodDance,Taxi No. 9211,0.9400000000000001
Zor Ka Jhatka Haye (Remix),"Master Saleem, Richa Sharma",BollywoodDance,Action Replayy,0.9199999999999999
Dil Apna Aur Preet Parai,Lata Mangeshkar,BollywoodSad,Dil Apna Aur Preet Parai,0.9
Ali Ali – Qawwali,"Krishna Beura, Shraddha Pandit, Vijayta Pandit",BollywoodDevotional,Deewaar,0.9099999999999999
Kudi Pataka Driver,"Hard Kaur, Mika Singh",BollywoodDance,Challo Driver,0.89
Dil Jalon Ka Dil Jala Ke,Asha Bhosle,BollywoodDance,Zanjeer,0.9099999999999999
Teri Choodiyan Da Crazy Crazy Sound,Wajid Khan,BollywoodDance,Ishkq In Paris,0.8300000000000001
Kubool Kar Le,"Amit Sana, Monali Thakur, Prajakta Shukre, Rahul Vaidya, Suzanne, Udit Narayan",BollywoodDance,Jaan-E-Mann,0.9
Gaaye Jaa (Male),Mohammed Irfan,BollywoodDance,Brothers,0.97
Sing Raja,"Daler Mehndi, Sonu Kakkar",BollywoodDance,Joker,0.9400000000000001
Alif Zaber Aa,Mohammed Rafi,BollywoodDance,Love In Shimla,0.9099999999999999
Apni Bhi Kya Zindagi Hai,Mukesh,BollywoodSad,Aas Ka Panchhi,0.8699999999999999
Dil Ashkon Mein,"Sonu Kakkar, Tony Kakkar",BollywoodRomance,Fever,0.9400000000000001
Jaana Hai,Zubeen Garg,BollywoodDance,Dum Maaro Dum,0.95
Badan Juda Hote Hain,"Falguni Pathak, Kumar Sanu",Bollywood,Koyla,0.8800000000000001
Naiyn Tere Zuke Zuke (Sad),Pamela Jain,BollywoodDance,Khelein Hum Jee Jaan Sey,0.9199999999999999
Daagh Na Lag Jaye,"Asha Bhosle, Mukesh",BollywoodDance,Mera Naam Joker,0.86
Mahi Mennu Nahi Karna,Labh Janjua,BollywoodDance,Dev D,0.95
Khullam Khulla Pyaar Karen,"Jojo Mukherjee, Sunidhi Chauhan",BollywoodDance,Khullam Khulla Pyaar Karen,0.8800000000000001
Babbe Mast,"ALTAMAS FARIDI, Sonu Kakkar",BollywoodDance,What The Fish,0.8699999999999999
Gori Zara Hans De Tu Hans De,Mohammed Rafi,BollywoodDance,Asli Naqli,0.93
Mat Ro Mata Lal Tere,Manna Dey,BollywoodSad,Bandini,0.9199999999999999
Bismillah,Kailash Kher,BollywoodSad,Aazaan,0.9199999999999999
Shukriya Zindagi Shukriya Zindagi,Shafqat Amanat Ali,BollywoodRomantic,Aashayein,0.97
O Janewale Ho Sake To Laut Ke Aana,Mukesh,BollywoodSad,Bandini,0.9199999999999999
Aanchal Men Saja Lena,Mohammed Rafi,BollywoodRomantic,Phir Wohi Dil Laya Hoon,0.95
Tum Paas Aa Rahe Ho,"Jagjit Singh, Lata Mangeshkar",BollywoodRomantic,Veer Zaara,0.96
Badle Badle Mere Sarkar,Lata Mangeshkar,BollywoodSad,Chaudhvin Ka Chand,0.8800000000000001
Ab Ke Baras Bhejo Bhaiya,Asha Bhosle,BollywoodSad,Bandini,0.9400000000000001
Din Dhal Gaya Hai,"Alka Yagnik, Udit Narayan",BollywoodDance,Dil Tera Deewana,0.8
Baadal,"Adnan Sami, Alka Yagnik",BollywoodDance,Yuva,0.96
Chori Chori Chori Se,"Amitabh Bachchan, Jaspinder Narula, Sonu Nigam",BollywoodDance,Sooryavansham,0.8699999999999999
Haseenon Ki Sawari Hai,"Mohammed Rafi, Suman Kalyanpur",BollywoodDance,Love In Shimla,0.9099999999999999
Kaisi Hai Ye Udaasi,Kailash Kher,BollywoodSad,Karthik Calling Karthik,0.95
Haan Bhai Haan,"Amit Kumar, Anuradha Paudwal",BollywoodDance,Toofan,0.9099999999999999
Nasha Nasha,Neha Bhasin,BollywoodDance,Daddy Cool,0.9199999999999999
Apni To Har Aah,Mohammed Rafi,BollywoodSad,Kala Bazar,0.95
Ho Maine Pyar Kiya,Lata Mangeshkar,BollywoodDance,Jis Desh Mein Ganga Behti Hai,0.86
Chal Jhoothi,"Shraddha Pandit, Udit Narayan",BollywoodDance,Jis Desh Mein Ganga Rehta Hai,0.74
Kaise Kahoon Main Baat Jiya Ki,Asha Bhosle,BollywoodRomantic,Gehra Daag,0.8300000000000001
Meri Jaaniye,"Monali Thakur, Shaan",BollywoodRomantic,I Me Aur Main,0.9199999999999999
Na Tum Jano Na Hum,Lucky Ali,BollywoodRomantic,Kaho Naa.... Pyaar Hai,0.9099999999999999
Jaane Bhi De (Duet),"Sonu Nigam, Sunidhi Chauhan",BollywoodRomantic,Ishkq In Paris,0.9
Ae Dil Pyar Ki Manzil,Mukesh,BollywoodDance,Aas Ka Panchhi,0.8400000000000001
Patli Kamar Hai,"Lata Mangeshkar, Mukesh",BollywoodDance,Barsaat,0.9099999999999999
Lungi Dance (Remix),Yo Yo Honey Singh,BollywoodDance,Chennai Express,0.9
Yeh Zindagi Ka Mausam,"Asha Bhosle, Mohammed Rafi",BollywoodDance,Ghunghat,0.9400000000000001
Tumhen Pa Ke Humne Jahan Pa Liya,"Asha Bhosle, Mohammed Rafi",BollywoodRomantic,Gehra Daag,0.86
Dhoop,Shreya Ghoshal,BollywoodRomantic,Goliyon Ki Rasleela Ram-leela,0.96
Ghoongte Mein Chanda,Udit Narayan,BollywoodDance,Koyla,0.93
Hum Ko Tumhare Ishq Ne,Mohammed Rafi,BollywoodRomantic,Ek Musafir Ek Hasina,0.93
Accident Ho Gaya,"Asha Bhosle, Prayag Raj, Shabbir Kumar",BollywoodDance,Coolie,0.76
Ainvayi Ainvayi (Dilli Club Mix),"Abhijit Vaghani, Master Saleem, Sunidhi Chauhan",BollywoodDance,Band Baaja Baaraat,0.95
Is Pal Ki Soch,Harshdeep Kaur,BollywoodDance,Halla Bol,0.8800000000000001
Sach Hue Sapne Apne,Asha Bhosle,BollywoodDance,Kala Bazar,0.93
Rang De,"Shankar Mahadevan, Suraj Jagan",BollywoodMotivational,My Name is Khan,0.9800000000000001
Le Jaa,Pankaj Awasthi,BollywoodSad,Karam,0.9400000000000001
Wah Wah Ram Ji,"Lata Mangeshkar, S.P. Balasubrahmanyam",BollywoodDance,Hum Aapke Hain Koun,0.8300000000000001
Hay Re Insaan Ki Majbooriya,Mohammed Rafi,BollywoodSad,Ghunghat,0.96
Sanjh Dhali,"Asha Bhosle, Manna Dey",BollywoodRomantic,Kala Bazar,0.9199999999999999
Kabhi Kisi Ki Khushian Koi Loote Na,Mukesh,BollywoodSad,Zindagi Aur Khwab,0.89
Danka Bajega,Aaman Trikha,BollywoodDance,Khel To Abb Shuru Hoga,0.58
Ibn-E-Batuta,Mika Singh,BollywoodDance,Ishqiya,0.8800000000000001
Dil To Bachcha Hai,Rahat Fateh Ali Khan,BollywoodRomantic,Ishqiya,0.89
Dekhen Bhi To Kya Dekhen,"Lata Mangeshkar, Udit Narayan",BollywoodDance,Farz,0.8400000000000001
Ae Baby Ae Jee Idhar Aao,"Asha Bhosle, Mohammed Rafi",BollywoodDance,Love In Shimla,0.9400000000000001
Hamdam Mere,"Asha Bhosle, Mohammed Rafi",BollywoodDance,Phir Wohi Dil Laya Hoon,0.9400000000000001
Band Baaja Baaraat Mashup,Multiple,BollywoodDance,Band Baaja Baaraat,0.8699999999999999
Teetar Ke Do Aage Teetar,"Asha Bhosle, Mukesh, Simi Garewal",BollywoodDance,Mera Naam Joker,0.8300000000000001
Shakira,"Hard Kaur, Kalpana, Master Saleem",BollywoodDance,No Problem,0.9099999999999999
Shakira,"Hard Kaur, Master Saleem, Pritam Chakraborty",BollywoodDance,No Problem,0.9099999999999999
Jiya Le Gayo Ji Mora Sanwariya,Lata Mangeshkar,BollywoodDance,Anpadh,0.9
Mori Chham Chham Baje Payaliya,Lata Mangeshkar,BollywoodDance,Ghunghat,0.76
G Pe Danda,"Aaman Trikha, Pawni Pandey, Prashant Vadhyar",BollywoodDance,Fugly,0.72
Lootnewale,"Master Saleem, Sukhwinder Singh, Vishal Bhardwaj",BollywoodDance,Matru Ki Bijlee Ka Mandola,0.93
Anjaana Anjaani Ki Kahani,"Monali Thakur, Nikhil Dsouza",BollywoodSad,Anjaana Anjaani,0.93
Teen Patti,Salim Merchant,BollywoodDance,Teen Patti,0.8800000000000001
Khuda Hafiz Anjaani Anjaana,"Karthik, Lucky Ali, Sunitha Sarathy",BollywoodDance,Yuva,0.93
Jaane,Sunidhi Chauhan,BollywoodSad,Chameli,0.9099999999999999
Awaara,Master Saleem,BollywoodDance,7 Khoon Maaf,0.96
Mera Mirza Sher Jawan,Daler Mehndi,BollywoodSad,Mirzya - Dare To Love,0.9
Dhoondo Dhoondo Re Sajna,Lata Mangeshkar,BollywoodRomantic,Gunga Jumna,0.8800000000000001
Kitna Pyara Ye Chehra,"Anuradha Paudwal, Inderjeet",BollywoodDance,Beta,0.82
Dil Ki Kahani Rang Layee Hai,Asha Bhosle,BollywoodDance,Chaudhvin Ka Chand,0.9099999999999999
Party On My Mind (Remix),"Shefali Alvares, Yo Yo Honey Singh",BollywoodDance,Race 2,0.9199999999999999
Jane Kahan Gayi,Mohammed Rafi,BollywoodDance,Dil Apna Aur Preet Parai,0.9099999999999999
Mirza Se Darre Khuda Daler Mehndi,Daler Mehndi,BollywoodMotivational,Mirzya - Dare To Love,0.71
Larki Deewani Dekho,"Sunidhi Chauhan, Udit Narayan",Bollywood,Shastra,0.9199999999999999
Arre Yaaro Mere Pyaaro,"Udit Narayan, Vijayeta Pandit",Bollywood,Jo Jeeta Wohi Sikander,0.93
Reham Nazar Karo,Mohammed Rafi,BollywoodDevotional,Shirdi Saibaba,0.96
Ae Bhai Zara Dekh Ke Chalo,Manna Dey,BollywoodDance,Mera Naam Joker,0.8800000000000001
Bedardi Mere Saiyan,Asha Bhosle,BollywoodDance,Chaudhvin Ka Chand,0.9400000000000001
Gaal Gulabi Kis Ke Hain,Mohammed Rafi,BollywoodDance,Love In Shimla,0.9400000000000001
Bechayan Sapne,"Abhijeet Sawant, Gulraj Singh, Mahalakshmi Iyer, Sameer Khan, Shankar Mahadevan",BollywoodDance,Romance Now,0.9
Yeh Lucknow Ki Sar Zameen,Mohammed Rafi,BollywoodDance,Chaudhvin Ka Chand,0.9099999999999999
Ab Mujhe Koi,Rekha Bhardwaj,BollywoodSad,Ishqiya,0.93
Mera Bandar Chala Sasural,"Kamal Barot, Mohammed Rafi",BollywoodDance,Zindagi Aur Khwab,0.73
O Lal Dupatte Wali,"Alka Yagnik, Kavita Krishnamurthy, Kumar Sanu, Sudesh Bhonsle",BollywoodRomantic,Aankhen,0.8099999999999999
O Lal Dupatte Wali,"Alka Yagnik, Kavita Krishnamurthy, Kumar Sanu, Sudesh Bhosle",BollywoodDance,Aankhen,0.8099999999999999
Kehti Hai Jhuki Jhuki Nazar,Suman Kalyanpur,BollywoodDance,Zindagi Aur Khwab,0.8699999999999999
Dil To Dete Nahin,Asha Bhosle,BollywoodDance,Kaalia,0.86
Ek Thi Ladki Meri Saheli,Asha Bhosle,BollywoodDance,Gumrah,0.9199999999999999
Khoye Khoye Din Hain,"Anuradha Paudwal, Sonu Nigam",BollywoodDance,Hum Tumhare Hain Sanam,0.89
Baadalon Mein Chup Raha Chand,"Alka Yagnik, Kumar Sanu",BollywoodRomantic,Phir Teri Kahani Yaad Aayee,0.85
Paaji Tussi Such A Pussy Cat (Remix),"Amitabh Bhattacharya, Divya Kumar, Jigar Saraiya",BollywoodDance,Happy Ending,0.8
Dil Na Kahin Lagana,Asha Bhosle,BollywoodDance,Ghunghat,0.9099999999999999
Tan Rang Lo Ji Aaj Man Ranglo,"Lata Mangeshkar, Mohammed Rafi",BollywoodDance,Kohinoor,0.9099999999999999
Gori Ghunghat Mein Mukhda,Asha Bhosle,BollywoodDance,Ghunghat,0.9
Azmale Ye Formulae,"Abhijeet, Shraddha Pandit",BollywoodDance,Khoobsurat,0.9099999999999999
O Chhalia Re Chhalia,"Asha Bhosle, Mohammed Rafi",BollywoodDance,Gunga Jumna,0.85
Rang Deni,"Kailash Kher, Mahua Kamat, Shraddha Pandit",BollywoodDance,Dev,0.9099999999999999
Is Nagari Mein,Jagjit Singh,BollywoodSad,Bhopal Express,0.97
Kateli Kateli Nasheli Nasheli,Suman Kalyanpur,BollywoodDance,Zindagi Aur Khwab,0.82
Love Ka Matlab Hai Pyar,"Asha Bhosle, Mohammed Rafi",BollywoodDance,Love In Shimla,0.96
Sau Tarah Ke (Revisited),"Abhijeet Sawant, Aditi Singh Sharma ·",BollywoodDance,Dishoom,0.75
khwab jo raag de,"Rahat Fateh Ali Khan, Shankar Mahadevan",Bollywood,London Dreams,0.93
Bhagwan Ek Qasoor Ki,Mohammed Rafi,BollywoodSad,Gehra Daag,0.85
Savaiyaa – Chhota Sa Saajan,"Aparnaa Bhaagwat, Suresh Wadkar",BollywoodDance,Vivah,0.89
Dil Tham Chale Hum Aaj Kidhar,Mohammed Rafi,BollywoodDance,Love In Shimla,0.9099999999999999
Happy Ending Mashup,Multiple,BollywoodDance,Happy Ending,0.7
Koi Aisa Alam,"Mahalakshmi Iyer, Sonu Nigam",BollywoodRomantic,Karam,0.93
Rikshe Pe Mere Tum Aa Baithe,"Asha Bhosle, Mohammed Rafi",BollywoodDance,Dil Tera Deewana,0.9099999999999999
Har Subah Yaad Rakhna,"Lata Mangeshkar, Udit Narayan",BollywoodRomantic,Farz,0.76
Koi Pyar Ki Dekhe Jadugari,"Lata Mangeshkar, Mohammed Rafi",BollywoodRomantic,Kohinoor,0.9400000000000001
Ek Dafa Ek Jungle Tha,"Ilaiyaraaja, Kamal Haasan, Sridevi",BollywoodDance,Sadma,0.9400000000000001
Lamhon Ke Rasgulle,"Bianca Gomes, Sunidhi Chauhan",BollywoodDance,Kahaani 2,0.71
Bum Mein Dum,Aaman Trikha,BollywoodDance,Shaukeen Kaminay,0.8800000000000001
Mose Mera Shyam Rootha,Lata Mangeshkar,BollywoodDevotional,Johny Mera Naam,0.9400000000000001
Apni Ulfat Pe Zamane Ka,Mukesh,BollywoodDance,Sasural,0.93
Aarti (Tumre Bhavan Mein),"Kishori Gowariker, Rekha Bharadwaj, Shraddha Pandit, Sujata Majumdar",BollywoodDevotional,Delhi-6,0.89
Tanki (Bhaven Version),Unknown,BollywoodDance,Youngistaan,0.75
Har Subah,"K. S. Chithra, Kumar Sanu",BollywoodRomantic,Sooryavansham,0.8699999999999999
Khel Wohi Phir Aaj Tu Khela,Kavita Krishnamurthy,BollywoodDance,Nigahen,0.8800000000000001
Chhad Zid Karna,"Anuradha Paudwal, Udit Narayan",BollywoodDance,Pyaar Kiya To Darna Kya,0.8800000000000001
Pal Mein Mila Jahan,Shankar Mahadevan,BollywoodRomantic,Aashayein,0.9400000000000001
Balam Se Milan Hoga,Geeta Dutt,BollywoodDance,Chaudhvin Ka Chand,0.9099999999999999
Phool Bagiya Men Bhanware Aaye,Mubarak Begum,BollywoodDance,Zindagi Aur Khwab,0.64
Itni Badi Mehfil,Asha Bhosle,BollywoodDance,Dil Apna Aur Preet Parai,0.9099999999999999
Ishq Nachaya Kare,Sunidhi Chauhan,BollywoodDance,Karam,0.93
Mohabbat Ke Din Ho,"Alka Yagnik, Udit Narayan",BollywoodDance,Farz,0.9400000000000001
Saaiyaan,Salim Sulaiman,BollywoodSad,Heroine,0.97
Tora Man Bada Papi,Asha Bhosle,BollywoodDance,Ganga Jumna,0.8400000000000001
Dekho Bijli Dole Bin Badal Ki,"Asha Bhosle, Usha Mangeshkar",BollywoodDance,Phir Wohi Dil Laya Hoon,0.96
Badi Dheere Jali,Rekha Bhardwaj,BollywoodSad,Ishqiya,0.9099999999999999
Parody,"Abhishek Nailwal, Aditi Paul, Aishwarya Nigam, Manoj Mishra, Sudesh Bhosle",BollywoodDance,Gang Of Ghosts,0.86
Socho Ke Jheelon Ka,"Alka Yagnik, Shankar Mahadevan, Udit Narayan",BollywoodRomantic,Mission Kashmir,0.7
Hum Badi Door Chale Aaye,"Shraddha Pandit, Sonu Nigam",BollywoodRomantic,Sangharsh,0.8800000000000001
Yeh Hava Yeh Fiza,"Asha Bhosle, Suresh Wadkar",BollywoodDance,Sadma,0.96
Mil Gaya,"Salim Merchant, Shraddha Pandit",BollywoodRomantic,Shakal Pe Mat Ja,0.97
Jashna Hai Mohabbat Ka,Kumar Sanu,BollywoodDance,Hero Hiralal,0.9099999999999999
Jhanan Ghoongar Baje,Lata Mangeshkar,BollywoodDance,Ganga Jumna,0.75
Nazar Mein Hai Chehra,Lucky Ali,BollywoodDance,Good Luck,0.95
Sata Le Ae Jahan,Mukesh,BollywoodSad,Sasural,0.9199999999999999
Nazar Mere Dil Ke Par,Mohammed Rafi,BollywoodDance,Jab Pyar Kisi Se Hota Hai,0.86
Meri Nazren Hasin Hai Ki Tum,Asha Bhosle,BollywoodRomantic,Ek Musafir Ek Hasina,0.9400000000000001
Ek Pardesi Door Se Aaya,Asha Bhosle,BollywoodSad,Gumrah,0.9
Thirkat Ang,Alka Yagik,Bollywood,Payal Ki Jhankaar,0.93
Mujhe Pyar Men,Asha Bhosle,BollywoodSad,Phir Wohi Dil Laya Hoon,0.85
Kab Chand Ban Ker,"Abhijeet Sawant, Sanjay Pathak, Santosh Singh",BollywoodDance,Lottery,0.8699999999999999
Ab Se Teri,"Mohammed Irfan, Sachin Gupta",BollywoodDance,Unforgettable,0.97
Boss Entry – Theme,"Khushboo Grewal, Meet Bros, Sonu Kakkar",BollywoodDance,Boss,0.89
Dariya Ho,"Monali Thakur, Shadab Faridi",BollywoodDance,Kamaal Dhamaal Malamaa,0.9400000000000001
Teri Dhoom Har Kahin,Mohammed Rafi,BollywoodDance,Kala Bazar,0.95
Phir Nahin Aane Wali Pyare,"Asha Bhosle, Manna Dey",BollywoodDance,Shola Aur Shabnam,0.6
Aa Ghar Chalein Hum,Monali Thakur,BollywoodDevotional,Lakshmi,0.96
Money Hai Toh Honey Hai,Harshdeep Kaur,BollywoodDance,Money Hai Toh Honey Hai,0.96
Khudaya Khair,"Akriti Kakar, Monali Thakur, Pritam, Soham Chakraborty",BollywoodDance,Billu,0.55
Darbadar,"Altamash Khan, Divya Kumar, Harshit Chouhan, Monali Thakur, Shadaab",BollywoodSad,I Me Main,0.85
Pata Hi Na Chala Sad,"Abhijeet Sawant, Santokh Singh Dhaliwal",BollywoodSad,Lottery,0.74
Agg Lage Aaj Kal De Fashion Nu,"Hard Kaur, Labh Janjua",BollywoodDance,Haal-E-Dil,0.9400000000000001
Dar Pe Aaye Hain Tere Kasam Le,Mukesh,BollywoodRomantic,Love In Shimla,0.97
Yaar De Viah,"Gurdas Maan, Mika Singh",BollywoodDance,Chak Jawana,0.95
Sunle Tu Dilki Sadaa,Mohammed Rafi,BollywoodRomantic,Tere Ghar Ke Samne,0.9
Tum Ko Hum Dilbar,"Amit Kumar, Asha Bhosle",BollywoodDance,Tezaab,0.74
Mohabbat Isko Kahte Hain,Mohammed Rafi,BollywoodRomantic,Jab Pyar Kisi Se Hota Hai,0.8
Goodnight,"Jaspreet Singh, Monali Thakur, Poroma, Sachin Gupta",BollywoodDance,DIl Kabaddi,0.85
Dhadkanein Kehti Hai,Abhijeet Sawant,BollywoodDance,Lottery,0.65
Jana Tumhare Pyar Mein,Mukesh,BollywoodDance,Sasural,0.62
Tum Jaise Bigde Babu Se,Lata Mangeshkar,BollywoodDance,Jab Pyar Kisi Se Hota Hai,0.72
O Yaad Nahi Bhool Gaya,"Lata Mangeshkar, Suresh Wadkar",BollywoodDance,Lamhe,0.75
Ladi Re Ladi Tujhse Aankh Jo Ladi,Jagjit Kaur,BollywoodDance,Shola Aur Shabnam,0.65
Mummy Aur Daddy Mein Ladai Ho Gayi,Asha Bhosle,BollywoodDance,Shola Aur Shabnam,0.6599999999999999
